MM:DD:YYYY hh:mm:ss,Library_Version,Session_type,Device_Number,Battery_Voltage,Motor_Turns,FR,Event,Active_Poke,Left_Poke_Count,Right_Poke_Count,Failed_Retrieval_Count,Pellet_Count,Block_Pellet_Count,Retrieval_Time,InterPelletInterval,Poke_Time,Delay
2/20/2025 13:50:22,1.17.0,baseline,8,3.78,nan,1,Right,LeftANDRight,0,1,0,0,0,nan,nan,472,nan
2/20/2025 13:51:22,1.17.0,baseline,8,3.78,17,1,Pellet,LeftANDRight,0,1,0,1,0,0.06,nan,nan,15
2/20/2025 13:51:28,1.17.0,baseline,8,3.77,nan,1,Right,LeftANDRight,0,2,0,1,0,nan,nan,438,nan
2/20/2025 13:52:41,1.17.0,baseline,8,3.78,2,1,Pellet,LeftANDRight,0,2,0,2,0,57.44,79,nan,15
2/20/2025 13:54:30,1.17.0,baseline,8,3.78,nan,1,Left,LeftANDRight,1,2,0,2,0,nan,nan,0,nan
2/20/2025 13:56:12,1.17.0,baseline,8,3.78,2,1,Pellet,LeftANDRight,1,2,0,3,0,85.26,211,nan,15
2/20/2025 15:10:52,1.17.0,baseline,8,3.77,nan,1,Right,LeftANDRight,1,3,0,3,0,nan,nan,379,nan
2/20/2025 15:12:15,1.17.0,baseline,8,3.77,1,1,Pellet,LeftANDRight,1,3,0,4,0,66.50,4563,nan,15
2/20/2025 16:14:53,1.17.0,baseline,8,3.77,nan,1,Left,LeftANDRight,2,3,0,4,0,nan,nan,233,nan
2/20/2025 16:15:00,1.17.0,baseline,8,3.77,nan,1,LeftinTimeOut,LeftANDRight,3,3,0,4,0,nan,nan,nan,nan
2/20/2025 16:15:02,1.17.0,baseline,8,3.77,nan,1,RightinTimeout,LeftANDRight,3,4,0,4,0,nan,nan,0,nan
2/20/2025 16:15:02,1.17.0,baseline,8,3.77,nan,1,RightinTimeout,LeftANDRight,3,5,0,4,0,nan,nan,0,nan
2/20/2025 16:15:15,1.17.0,baseline,8,3.77,1,1,Pellet,LeftANDRight,3,5,0,5,0,5.95,3780,nan,15
2/20/2025 16:15:37,1.17.0,baseline,8,3.77,nan,1,Right,LeftANDRight,3,6,0,5,0,nan,nan,44,nan
2/20/2025 16:15:53,1.17.0,baseline,8,3.76,1,1,Pellet,LeftANDRight,3,6,0,6,0,0.06,38,nan,15
2/20/2025 16:26:38,1.17.0,baseline,8,3.77,nan,1,Right,LeftANDRight,3,7,0,6,0,nan,nan,207,nan
2/20/2025 16:26:39,1.17.0,baseline,8,3.76,nan,1,RightinTimeout,LeftANDRight,3,8,0,6,0,nan,nan,0,nan
2/20/2025 16:26:39,1.17.0,baseline,8,3.77,nan,1,RightinTimeout,LeftANDRight,3,8,0,6,0,nan,nan,283,nan
2/20/2025 16:26:39,1.17.0,baseline,8,3.77,nan,1,RightinTimeout,LeftANDRight,3,8,0,6,0,nan,nan,565,nan
2/20/2025 16:26:39,1.17.0,baseline,8,3.76,nan,1,RightinTimeout,LeftANDRight,3,8,0,6,0,nan,nan,852,nan
2/20/2025 16:26:56,1.17.0,baseline,8,3.77,1,1,Pellet,LeftANDRight,3,8,0,7,0,1.77,663,nan,15
2/20/2025 16:28:28,1.17.0,baseline,8,3.77,nan,1,Left,LeftANDRight,4,8,0,7,0,nan,nan,163,nan
2/20/2025 16:29:18,1.17.0,baseline,8,3.77,2,1,Pellet,LeftANDRight,4,8,0,8,0,33.73,142,nan,15
2/20/2025 17:45:04,1.17.0,baseline,8,3.76,nan,1,Right,LeftANDRight,4,9,0,8,0,nan,nan,52,nan
2/20/2025 17:45:20,1.17.0,baseline,8,3.76,1,1,Pellet,LeftANDRight,4,9,0,9,0,0.06,4562,nan,15
2/20/2025 17:45:52,1.17.0,baseline,8,3.77,nan,1,Right,LeftANDRight,4,10,0,9,0,nan,nan,35,nan
2/20/2025 17:46:10,1.17.0,baseline,8,3.76,1,1,Pellet,LeftANDRight,4,10,0,10,0,2.32,50,nan,15
2/20/2025 17:46:28,1.17.0,baseline,8,3.76,nan,1,Right,LeftANDRight,4,11,0,10,0,nan,nan,60,nan
2/20/2025 17:46:28,1.17.0,baseline,8,3.76,nan,1,RightinTimeout,LeftANDRight,4,12,0,10,0,nan,nan,0,nan
2/20/2025 17:46:28,1.17.0,baseline,8,3.76,nan,1,RightinTimeout,LeftANDRight,4,12,0,10,0,nan,nan,283,nan
2/20/2025 17:46:47,1.17.0,baseline,8,3.76,1,1,Pellet,LeftANDRight,4,12,0,11,0,3.86,37,nan,15
2/20/2025 19:01:20,1.17.0,baseline,8,3.76,nan,1,Right,LeftANDRight,4,13,0,11,0,nan,nan,327,nan
2/20/2025 19:01:38,1.17.0,baseline,8,3.76,1,1,Pellet,LeftANDRight,4,13,0,12,0,2.26,4491,nan,15
2/20/2025 19:08:11,1.17.0,baseline,8,3.76,nan,1,Right,LeftANDRight,4,14,0,12,0,nan,nan,470,nan
2/20/2025 19:08:14,1.17.0,baseline,8,3.76,nan,1,RightinTimeout,LeftANDRight,4,15,0,12,0,nan,nan,0,nan
2/20/2025 19:08:14,1.17.0,baseline,8,3.75,nan,1,RightinTimeout,LeftANDRight,4,15,0,12,0,nan,nan,287,nan
2/20/2025 19:08:32,1.17.0,baseline,8,3.76,1,1,Pellet,LeftANDRight,4,15,0,13,0,5.09,414,nan,15
2/20/2025 19:08:59,1.17.0,baseline,8,3.76,nan,1,Left,LeftANDRight,5,15,0,13,0,nan,nan,28,nan
2/20/2025 19:08:59,1.17.0,baseline,8,3.76,nan,1,LeftinTimeOut,LeftANDRight,6,15,0,13,0,nan,nan,nan,nan
2/20/2025 19:09:15,1.17.0,baseline,8,3.76,1,1,Pellet,LeftANDRight,6,15,0,14,0,0.67,43,nan,15
2/20/2025 19:19:08,1.17.0,baseline,8,3.76,nan,1,Right,LeftANDRight,6,16,0,14,0,nan,nan,866,nan
2/20/2025 19:19:11,1.17.0,baseline,8,3.76,nan,1,RightinTimeout,LeftANDRight,6,17,0,14,0,nan,nan,0,nan
2/20/2025 19:19:12,1.17.0,baseline,8,3.76,nan,1,RightinTimeout,LeftANDRight,6,17,0,14,0,nan,nan,282,nan
2/20/2025 19:19:24,1.17.0,baseline,8,3.76,1,1,Pellet,LeftANDRight,6,17,0,15,0,0.06,609,nan,15
2/20/2025 19:53:40,1.17.0,baseline,8,3.76,nan,1,Right,LeftANDRight,6,18,0,15,0,nan,nan,296,nan
2/20/2025 19:53:57,1.17.0,baseline,8,3.76,1,1,Pellet,LeftANDRight,6,18,0,16,0,1.03,2073,nan,15
2/20/2025 19:54:21,1.17.0,baseline,8,3.76,nan,1,Right,LeftANDRight,6,19,0,16,0,nan,nan,168,nan
2/20/2025 19:54:27,1.17.0,baseline,8,3.76,nan,1,RightinTimeout,LeftANDRight,6,20,0,16,0,nan,nan,0,nan
2/20/2025 19:54:32,1.17.0,baseline,8,3.76,nan,1,RightinTimeout,LeftANDRight,6,21,0,16,0,nan,nan,0,nan
2/20/2025 19:54:33,1.17.0,baseline,8,3.76,nan,1,RightinTimeout,LeftANDRight,6,21,0,16,0,nan,nan,283,nan
2/20/2025 19:54:33,1.17.0,baseline,8,3.76,nan,1,RightinTimeout,LeftANDRight,6,21,0,16,0,nan,nan,566,nan
2/20/2025 19:54:38,1.17.0,baseline,8,3.76,1,1,Pellet,LeftANDRight,6,21,0,17,0,1.10,41,nan,15
2/20/2025 19:54:54,1.17.0,baseline,8,3.76,nan,1,Left,LeftANDRight,7,21,0,17,0,nan,nan,35,nan
2/20/2025 19:55:11,1.17.0,baseline,8,3.76,1,1,Pellet,LeftANDRight,7,21,0,18,0,1.77,33,nan,15
2/20/2025 20:11:52,1.17.0,baseline,8,3.76,nan,1,Right,LeftANDRight,7,22,0,18,0,nan,nan,223,nan
2/20/2025 20:11:55,1.17.0,baseline,8,3.76,nan,1,RightinTimeout,LeftANDRight,7,23,0,18,0,nan,nan,0,nan
2/20/2025 20:11:55,1.17.0,baseline,8,3.76,nan,1,RightinTimeout,LeftANDRight,7,23,0,18,0,nan,nan,287,nan
2/20/2025 20:11:56,1.17.0,baseline,8,3.76,nan,1,RightinTimeout,LeftANDRight,7,23,0,18,0,nan,nan,570,nan
2/20/2025 20:11:59,1.17.0,baseline,8,3.76,nan,1,RightinTimeout,LeftANDRight,7,24,0,18,0,nan,nan,0,nan
2/20/2025 20:12:10,1.17.0,baseline,8,3.76,1,1,Pellet,LeftANDRight,7,24,0,19,0,2.20,1019,nan,15
2/20/2025 20:22:22,1.17.0,baseline,8,3.76,nan,1,Left,LeftANDRight,8,24,0,19,0,nan,nan,254,nan
2/20/2025 20:22:37,1.17.0,baseline,8,3.76,1,1,Pellet,LeftANDRight,8,24,0,20,0,0.06,627,nan,15
2/20/2025 20:23:03,1.17.0,baseline,8,3.76,nan,1,Right,LeftANDRight,8,25,0,20,0,nan,nan,48,nan
2/20/2025 20:23:04,1.17.0,baseline,8,3.76,nan,1,RightinTimeout,LeftANDRight,8,26,0,20,0,nan,nan,0,nan
2/20/2025 20:23:07,1.17.0,baseline,8,3.76,nan,1,RightinTimeout,LeftANDRight,8,27,0,20,0,nan,nan,0,nan
2/20/2025 20:23:22,1.17.0,baseline,8,3.76,2,1,Pellet,LeftANDRight,8,27,0,21,0,0.79,45,nan,15
2/20/2025 20:24:42,1.17.0,baseline,8,3.75,nan,1,Right,LeftANDRight,8,28,0,21,0,nan,nan,196,nan
2/20/2025 20:25:01,1.17.0,baseline,8,3.76,1,1,Pellet,LeftANDRight,8,28,0,22,0,2.94,99,nan,15
2/20/2025 20:35:15,1.17.0,baseline,8,3.76,nan,1,Left,LeftANDRight,9,28,0,22,0,nan,nan,9,nan
2/20/2025 20:35:17,1.17.0,baseline,8,3.76,nan,1,RightinTimeout,LeftANDRight,9,29,0,22,0,nan,nan,0,nan
2/20/2025 20:35:18,1.17.0,baseline,8,3.75,nan,1,RightinTimeout,LeftANDRight,9,29,0,22,0,nan,nan,283,nan
2/20/2025 20:35:32,1.17.0,baseline,8,3.76,1,1,Pellet,LeftANDRight,9,29,0,23,0,1.10,631,nan,15
2/20/2025 20:36:19,1.17.0,baseline,8,3.76,nan,1,Right,LeftANDRight,9,30,0,23,0,nan,nan,990,nan
2/20/2025 20:36:35,1.17.0,baseline,8,3.76,1,1,Pellet,LeftANDRight,9,30,0,24,0,0.06,63,nan,15
2/20/2025 20:38:45,1.17.0,baseline,8,3.76,nan,1,Right,LeftANDRight,9,31,0,24,0,nan,nan,114,nan
2/20/2025 20:39:04,1.17.0,baseline,8,3.76,1,1,Pellet,LeftANDRight,9,31,0,25,0,3.12,149,nan,15
2/20/2025 20:46:53,1.17.0,baseline,8,3.76,nan,1,Right,LeftANDRight,9,32,0,25,0,nan,nan,28,nan
2/20/2025 20:47:10,1.17.0,baseline,8,3.76,1,1,Pellet,LeftANDRight,9,32,0,26,0,0.97,486,nan,15
2/20/2025 20:47:24,1.17.0,baseline,8,3.76,nan,1,Right,LeftANDRight,9,33,0,26,0,nan,nan,653,nan
2/20/2025 20:47:24,1.17.0,baseline,8,3.76,nan,1,RightinTimeout,LeftANDRight,9,34,0,26,0,nan,nan,0,nan
2/20/2025 20:47:26,1.17.0,baseline,8,3.76,nan,1,RightinTimeout,LeftANDRight,9,35,0,26,0,nan,nan,0,nan
2/20/2025 20:47:27,1.17.0,baseline,8,3.76,nan,1,RightinTimeout,LeftANDRight,9,35,0,26,0,nan,nan,283,nan
2/20/2025 20:47:35,1.17.0,baseline,8,3.75,nan,1,RightinTimeout,LeftANDRight,9,36,0,26,0,nan,nan,0,nan
2/20/2025 20:47:36,1.17.0,baseline,8,3.76,nan,1,RightinTimeout,LeftANDRight,9,36,0,26,0,nan,nan,283,nan
2/20/2025 20:47:40,1.17.0,baseline,8,3.75,2,1,Pellet,LeftANDRight,9,36,0,27,0,0.49,30,nan,15
2/20/2025 20:47:51,1.17.0,baseline,8,3.76,nan,1,Right,LeftANDRight,9,37,0,27,0,nan,nan,122,nan
2/20/2025 20:47:55,1.17.0,baseline,8,3.76,nan,1,RightinTimeout,LeftANDRight,9,38,0,27,0,nan,nan,0,nan
2/20/2025 20:47:59,1.17.0,baseline,8,3.76,nan,1,RightinTimeout,LeftANDRight,9,39,0,27,0,nan,nan,0,nan
2/20/2025 20:47:59,1.17.0,baseline,8,3.76,nan,1,RightinTimeout,LeftANDRight,9,39,0,27,0,nan,nan,283,nan
2/20/2025 20:48:00,1.17.0,baseline,8,3.76,nan,1,RightinTimeout,LeftANDRight,9,40,0,27,0,nan,nan,0,nan
2/20/2025 20:48:00,1.17.0,baseline,8,3.76,nan,1,RightinTimeout,LeftANDRight,9,40,0,27,0,nan,nan,283,nan
2/20/2025 20:48:00,1.17.0,baseline,8,3.76,nan,1,RightinTimeout,LeftANDRight,9,40,0,27,0,nan,nan,566,nan
2/20/2025 20:48:07,1.17.0,baseline,8,3.76,1,1,Pellet,LeftANDRight,9,40,0,28,0,0.06,27,nan,15
2/20/2025 20:58:55,1.17.0,baseline,8,3.76,nan,1,Right,LeftANDRight,9,41,0,28,0,nan,nan,1,nan
2/20/2025 20:59:11,1.17.0,baseline,8,3.76,1,1,Pellet,LeftANDRight,9,41,0,29,0,0.06,664,nan,15
2/20/2025 21:06:02,1.17.0,baseline,8,3.75,nan,1,Right,LeftANDRight,9,42,0,29,0,nan,nan,351,nan
2/20/2025 21:06:05,1.17.0,baseline,8,3.76,nan,1,RightinTimeout,LeftANDRight,9,43,0,29,0,nan,nan,0,nan
2/20/2025 21:06:05,1.17.0,baseline,8,3.76,nan,1,RightinTimeout,LeftANDRight,9,43,0,29,0,nan,nan,286,nan
2/20/2025 21:06:18,1.17.0,baseline,8,3.76,1,1,Pellet,LeftANDRight,9,43,0,30,0,0.06,427,nan,15
2/20/2025 21:06:30,1.17.0,baseline,8,3.76,nan,1,Right,LeftANDRight,9,44,0,30,0,nan,nan,75,nan
2/20/2025 21:06:46,1.17.0,baseline,8,3.76,1,1,Pellet,LeftANDRight,9,44,0,31,0,0.06,28,nan,15
2/20/2025 21:07:00,1.17.0,baseline,8,3.76,nan,1,Left,LeftANDRight,10,44,0,31,0,nan,nan,202,nan
2/20/2025 21:07:26,1.17.0,baseline,8,3.74,2,1,Pellet,LeftANDRight,10,44,0,32,0,8.52,40,nan,15
2/20/2025 21:07:38,1.17.0,baseline,8,3.76,nan,1,Right,LeftANDRight,10,45,0,32,0,nan,nan,227,nan
2/20/2025 21:07:56,1.17.0,baseline,8,3.76,1,1,Pellet,LeftANDRight,10,45,0,33,0,1.59,30,nan,15
2/20/2025 21:23:40,1.17.0,baseline,8,3.74,nan,1,Right,LeftANDRight,10,46,0,33,0,nan,nan,683,nan
2/20/2025 21:23:58,1.17.0,baseline,8,3.76,1,1,Pellet,LeftANDRight,10,46,0,34,0,2.69,962,nan,15
2/20/2025 21:26:49,1.17.0,baseline,8,3.76,nan,1,Right,LeftANDRight,10,47,0,34,0,nan,nan,77,nan
2/20/2025 21:27:06,1.17.0,baseline,8,3.76,1,1,Pellet,LeftANDRight,10,47,0,35,0,0.91,188,nan,15
2/20/2025 21:27:15,1.17.0,baseline,8,3.76,nan,1,Right,LeftANDRight,10,48,0,35,0,nan,nan,246,nan
2/20/2025 21:27:32,1.17.0,baseline,8,3.76,1,1,Pellet,LeftANDRight,10,48,0,36,0,1.34,26,nan,15
2/20/2025 21:29:22,1.17.0,baseline,8,3.76,nan,1,Right,LeftANDRight,10,49,0,36,0,nan,nan,2,nan
2/20/2025 21:29:41,1.17.0,baseline,8,3.76,1,1,Pellet,LeftANDRight,10,49,0,37,0,2.82,129,nan,15
2/20/2025 21:36:09,1.17.0,baseline,8,3.75,nan,1,Right,LeftANDRight,10,50,0,37,0,nan,nan,8,nan
2/20/2025 21:36:25,1.17.0,baseline,8,3.76,1,1,Pellet,LeftANDRight,10,50,0,38,0,0.06,404,nan,15
2/20/2025 21:40:57,1.17.0,baseline,8,3.76,nan,1,Right,LeftANDRight,10,51,0,38,0,nan,nan,153,nan
2/20/2025 21:41:16,1.17.0,baseline,8,3.76,1,1,Pellet,LeftANDRight,10,51,0,39,0,2.45,291,nan,15
2/20/2025 21:41:50,1.17.0,baseline,8,3.76,nan,1,Right,LeftANDRight,10,52,0,39,0,nan,nan,114,nan
2/20/2025 21:42:12,1.17.0,baseline,8,3.76,1,1,Pellet,LeftANDRight,10,52,0,40,0,6.01,56,nan,15
2/20/2025 21:43:41,1.17.0,baseline,8,3.75,nan,1,Right,LeftANDRight,10,53,0,40,0,nan,nan,17,nan
2/20/2025 21:43:56,1.17.0,baseline,8,3.75,1,1,Pellet,LeftANDRight,10,53,0,41,0,0.06,104,nan,15
2/20/2025 21:55:12,1.17.0,baseline,8,3.75,nan,1,Right,LeftANDRight,10,54,0,41,0,nan,nan,371,nan
2/20/2025 21:55:15,1.17.0,baseline,8,3.76,nan,1,LeftinTimeOut,LeftANDRight,11,54,0,41,0,nan,nan,nan,nan
2/20/2025 21:55:23,1.17.0,baseline,8,3.76,nan,1,RightinTimeout,LeftANDRight,11,55,0,41,0,nan,nan,0,nan
2/20/2025 21:55:24,1.17.0,baseline,8,3.76,nan,1,RightinTimeout,LeftANDRight,11,56,0,41,0,nan,nan,0,nan
2/20/2025 21:55:29,1.17.0,baseline,8,3.76,1,1,Pellet,LeftANDRight,11,56,0,42,0,0.73,693,nan,15
2/20/2025 22:05:12,1.17.0,baseline,8,3.76,nan,1,Right,LeftANDRight,11,57,0,42,0,nan,nan,20,nan
2/20/2025 22:05:12,1.17.0,baseline,8,3.76,nan,1,RightinTimeout,LeftANDRight,11,58,0,42,0,nan,nan,0,nan
2/20/2025 22:05:16,1.17.0,baseline,8,3.76,nan,1,RightinTimeout,LeftANDRight,11,59,0,42,0,nan,nan,0,nan
2/20/2025 22:05:52,1.17.0,baseline,8,3.76,5,1,Pellet,LeftANDRight,11,59,0,43,0,17.83,623,nan,15
2/20/2025 22:06:25,1.17.0,baseline,8,3.76,nan,1,Right,LeftANDRight,11,60,0,43,0,nan,nan,628,nan
2/20/2025 22:06:45,1.17.0,baseline,8,3.76,2,1,Pellet,LeftANDRight,11,60,0,44,0,3.80,53,nan,15
2/20/2025 22:07:29,1.17.0,baseline,8,3.75,nan,1,Right,LeftANDRight,11,61,0,44,0,nan,nan,207,nan
2/20/2025 22:07:46,1.17.0,baseline,8,3.76,2,1,Pellet,LeftANDRight,11,61,0,45,0,1.28,61,nan,15
2/20/2025 22:21:27,1.17.0,baseline,8,3.76,nan,1,Right,LeftANDRight,11,62,0,45,0,nan,nan,206,nan
2/20/2025 22:21:27,1.17.0,baseline,8,3.76,nan,1,RightinTimeout,LeftANDRight,11,63,0,45,0,nan,nan,0,nan
2/20/2025 22:21:28,1.17.0,baseline,8,3.75,nan,1,RightinTimeout,LeftANDRight,11,63,0,45,0,nan,nan,283,nan
2/20/2025 22:21:28,1.17.0,baseline,8,3.76,nan,1,RightinTimeout,LeftANDRight,11,63,0,45,0,nan,nan,566,nan
2/20/2025 22:21:28,1.17.0,baseline,8,3.76,nan,1,RightinTimeout,LeftANDRight,11,63,0,45,0,nan,nan,849,nan
2/20/2025 22:21:29,1.17.0,baseline,8,3.75,nan,1,RightinTimeout,LeftANDRight,11,63,0,45,0,nan,nan,1136,nan
2/20/2025 22:21:40,1.17.0,baseline,8,3.76,nan,1,RightinTimeout,LeftANDRight,11,64,0,45,0,nan,nan,0,nan
2/20/2025 22:21:41,1.17.0,baseline,8,3.75,nan,1,RightinTimeout,LeftANDRight,11,65,0,45,0,nan,nan,0,nan
2/20/2025 22:21:45,1.17.0,baseline,8,3.75,1,1,Pellet,LeftANDRight,11,65,0,46,0,2.08,839,nan,15
2/20/2025 22:27:49,1.17.0,baseline,8,3.75,nan,1,Right,LeftANDRight,11,66,0,46,0,nan,nan,352,nan
2/20/2025 22:28:07,1.17.0,baseline,8,3.75,2,1,Pellet,LeftANDRight,11,66,0,47,0,1.90,382,nan,15
2/20/2025 22:31:45,1.17.0,baseline,8,3.76,nan,1,Right,LeftANDRight,11,67,0,47,0,nan,nan,202,nan
2/20/2025 22:31:46,1.17.0,baseline,8,3.76,nan,1,RightinTimeout,LeftANDRight,11,68,0,47,0,nan,nan,0,nan
2/20/2025 22:32:02,1.17.0,baseline,8,3.76,1,1,Pellet,LeftANDRight,11,68,0,48,0,1.10,235,nan,15
2/20/2025 22:36:25,1.17.0,baseline,8,3.76,nan,1,Left,LeftANDRight,12,68,0,48,0,nan,nan,111,nan
2/20/2025 22:36:43,1.17.0,baseline,8,3.75,2,1,Pellet,LeftANDRight,12,68,0,49,0,0.06,281,nan,15
2/20/2025 22:41:11,1.17.0,baseline,8,3.75,nan,1,Right,LeftANDRight,12,69,0,49,0,nan,nan,441,nan
2/20/2025 22:41:27,1.17.0,baseline,8,3.76,1,1,Pellet,LeftANDRight,12,69,0,50,0,0.06,284,nan,15
2/20/2025 22:46:31,1.17.0,baseline,8,3.76,nan,1,Right,LeftANDRight,12,70,0,50,0,nan,nan,141,nan
2/20/2025 22:46:49,1.17.0,baseline,8,3.75,1,1,Pellet,LeftANDRight,12,70,0,51,0,1.95,322,nan,15
2/20/2025 22:47:54,1.17.0,baseline,8,3.76,nan,1,Left,LeftANDRight,13,70,0,51,0,nan,nan,78,nan
2/20/2025 22:48:30,1.17.0,baseline,8,3.75,1,1,Pellet,LeftANDRight,13,70,0,52,0,19.74,101,nan,15
2/20/2025 22:49:48,1.17.0,baseline,8,3.75,nan,1,Left,LeftANDRight,14,70,0,52,0,nan,nan,72,nan
2/20/2025 22:50:04,1.17.0,baseline,8,3.75,1,1,Pellet,LeftANDRight,14,70,0,53,0,0.06,94,nan,15
2/20/2025 22:50:59,1.17.0,baseline,8,3.75,nan,1,Right,LeftANDRight,14,71,0,53,0,nan,nan,351,nan
2/20/2025 22:51:16,1.17.0,baseline,8,3.76,2,1,Pellet,LeftANDRight,14,71,0,54,0,1.53,72,nan,15
2/20/2025 22:53:56,1.17.0,baseline,8,3.76,nan,1,Right,LeftANDRight,14,72,0,54,0,nan,nan,13,nan
2/20/2025 22:54:12,1.17.0,baseline,8,3.76,1,1,Pellet,LeftANDRight,14,72,0,55,0,0.91,176,nan,15
2/20/2025 23:05:06,1.17.0,baseline,8,3.75,nan,1,Right,LeftANDRight,14,73,0,55,0,nan,nan,184,nan
2/20/2025 23:05:07,1.17.0,baseline,8,3.75,nan,1,LeftinTimeOut,LeftANDRight,15,73,0,55,0,nan,nan,nan,nan
2/20/2025 23:05:08,1.17.0,baseline,8,3.75,nan,1,LeftinTimeOut,LeftANDRight,16,73,0,55,0,nan,nan,nan,nan
2/20/2025 23:05:22,1.17.0,baseline,8,3.75,1,1,Pellet,LeftANDRight,16,73,0,56,0,0.06,670,nan,15
2/20/2025 23:07:17,1.17.0,baseline,8,3.75,nan,1,Right,LeftANDRight,16,74,0,56,0,nan,nan,237,nan
2/20/2025 23:07:33,1.17.0,baseline,8,3.75,1,1,Pellet,LeftANDRight,16,74,0,57,0,0.06,131,nan,15
2/20/2025 23:10:51,1.17.0,baseline,8,3.75,nan,1,Right,LeftANDRight,16,75,0,57,0,nan,nan,86,nan
2/20/2025 23:10:51,1.17.0,baseline,8,3.76,nan,1,RightinTimeout,LeftANDRight,16,76,0,57,0,nan,nan,0,nan
2/20/2025 23:11:12,1.17.0,baseline,8,3.75,1,1,Pellet,LeftANDRight,16,76,0,58,0,5.33,219,nan,15
2/20/2025 23:15:50,1.17.0,baseline,8,3.75,nan,1,Right,LeftANDRight,16,77,0,58,0,nan,nan,195,nan
2/20/2025 23:16:11,1.17.0,baseline,8,3.75,1,1,Pellet,LeftANDRight,16,77,0,59,0,4.84,299,nan,15
2/20/2025 23:26:01,1.17.0,baseline,8,3.75,nan,1,Right,LeftANDRight,16,78,0,59,0,nan,nan,71,nan
2/20/2025 23:26:08,1.17.0,baseline,8,3.75,nan,1,RightinTimeout,LeftANDRight,16,79,0,59,0,nan,nan,0,nan
2/20/2025 23:26:18,1.17.0,baseline,8,3.75,1,1,Pellet,LeftANDRight,16,79,0,60,0,0.85,607,nan,15
2/20/2025 23:26:29,1.17.0,baseline,8,3.76,nan,1,Right,LeftANDRight,16,80,0,60,0,nan,nan,285,nan
2/20/2025 23:26:40,1.17.0,baseline,8,3.74,nan,1,RightinTimeout,LeftANDRight,16,81,0,60,0,nan,nan,0,nan
2/20/2025 23:26:41,1.17.0,baseline,8,3.75,nan,1,RightinTimeout,LeftANDRight,16,82,0,60,0,nan,nan,0,nan
2/20/2025 23:26:41,1.17.0,baseline,8,3.75,nan,1,RightinTimeout,LeftANDRight,16,82,0,60,0,nan,nan,283,nan
2/20/2025 23:26:43,1.17.0,baseline,8,3.75,nan,1,RightinTimeout,LeftANDRight,16,83,0,60,0,nan,nan,0,nan
2/20/2025 23:26:44,1.17.0,baseline,8,3.75,nan,1,RightinTimeout,LeftANDRight,16,83,0,60,0,nan,nan,288,nan
2/20/2025 23:26:45,1.17.0,baseline,8,3.75,1,1,Pellet,LeftANDRight,16,83,0,61,0,0.49,27,nan,15
2/20/2025 23:34:23,1.17.0,baseline,8,3.75,nan,1,Right,LeftANDRight,16,84,0,61,0,nan,nan,38,nan
2/20/2025 23:34:33,1.17.0,baseline,8,3.75,nan,1,RightinTimeout,LeftANDRight,16,85,0,61,0,nan,nan,0,nan
2/20/2025 23:34:39,1.17.0,baseline,8,3.75,1,1,Pellet,LeftANDRight,16,85,0,62,0,0.06,474,nan,15
2/20/2025 23:37:16,1.17.0,baseline,8,3.74,nan,1,Right,LeftANDRight,16,86,0,62,0,nan,nan,187,nan
2/20/2025 23:37:32,1.17.0,baseline,8,3.75,1,1,Pellet,LeftANDRight,16,86,0,63,0,0.06,173,nan,15
2/20/2025 23:45:45,1.17.0,baseline,8,3.75,nan,1,Right,LeftANDRight,16,87,0,63,0,nan,nan,51,nan
2/20/2025 23:46:02,1.17.0,baseline,8,3.75,1,1,Pellet,LeftANDRight,16,87,0,64,0,1.22,510,nan,15
2/20/2025 23:47:23,1.17.0,baseline,8,3.75,nan,1,Right,LeftANDRight,16,88,0,64,0,nan,nan,6,nan
2/20/2025 23:47:29,1.17.0,baseline,8,3.75,nan,1,RightinTimeout,LeftANDRight,16,89,0,64,0,nan,nan,0,nan
2/20/2025 23:47:29,1.17.0,baseline,8,3.75,nan,1,RightinTimeout,LeftANDRight,16,90,0,64,0,nan,nan,0,nan
2/20/2025 23:47:29,1.17.0,baseline,8,3.75,nan,1,RightinTimeout,LeftANDRight,16,90,0,64,0,nan,nan,284,nan
2/20/2025 23:47:32,1.17.0,baseline,8,3.76,nan,1,RightinTimeout,LeftANDRight,16,91,0,64,0,nan,nan,0,nan
2/20/2025 23:47:40,1.17.0,baseline,8,3.75,2,1,Pellet,LeftANDRight,16,91,0,65,0,0.06,97,nan,15
2/20/2025 23:47:47,1.17.0,baseline,8,3.75,nan,1,Right,LeftANDRight,16,92,0,65,0,nan,nan,364,nan
2/20/2025 23:48:05,1.17.0,baseline,8,3.75,1,1,Pellet,LeftANDRight,16,92,0,66,0,1.77,26,nan,15
2/20/2025 23:50:30,1.17.0,baseline,8,3.75,nan,1,Right,LeftANDRight,16,93,0,66,0,nan,nan,52,nan
2/20/2025 23:50:47,1.17.0,baseline,8,3.74,1,1,Pellet,LeftANDRight,16,93,0,67,0,0.49,162,nan,15
2/20/2025 23:53:51,1.17.0,baseline,8,3.75,nan,1,Right,LeftANDRight,16,94,0,67,0,nan,nan,102,nan
2/20/2025 23:53:57,1.17.0,baseline,8,3.75,nan,1,RightinTimeout,LeftANDRight,16,95,0,67,0,nan,nan,0,nan
2/20/2025 23:53:57,1.17.0,baseline,8,3.75,nan,1,RightinTimeout,LeftANDRight,16,95,0,67,0,nan,nan,283,nan
2/20/2025 23:53:58,1.17.0,baseline,8,3.75,nan,1,RightinTimeout,LeftANDRight,16,96,0,67,0,nan,nan,0,nan
2/20/2025 23:53:59,1.17.0,baseline,8,3.75,nan,1,RightinTimeout,LeftANDRight,16,97,0,67,0,nan,nan,0,nan
2/20/2025 23:54:07,1.17.0,baseline,8,3.75,1,1,Pellet,LeftANDRight,16,97,0,68,0,0.06,200,nan,15
2/20/2025 23:55:17,1.17.0,baseline,8,3.75,nan,1,Right,LeftANDRight,16,98,0,68,0,nan,nan,39,nan
2/20/2025 23:55:32,1.17.0,baseline,8,3.76,1,1,Pellet,LeftANDRight,16,98,0,69,0,0.06,85,nan,15
2/21/2025 0:07:24,1.17.0,baseline,8,3.75,nan,1,Right,LeftANDRight,16,99,0,69,0,nan,nan,75,nan
2/21/2025 0:07:25,1.17.0,baseline,8,3.74,nan,1,RightinTimeout,LeftANDRight,16,100,0,69,0,nan,nan,0,nan
2/21/2025 0:07:40,1.17.0,baseline,8,3.75,1,1,Pellet,LeftANDRight,16,100,0,70,0,0.06,728,nan,15
2/21/2025 0:07:53,1.17.0,baseline,8,3.75,nan,1,Right,LeftANDRight,16,101,0,70,0,nan,nan,103,nan
2/21/2025 0:08:18,1.17.0,baseline,8,3.75,2,1,Pellet,LeftANDRight,16,101,0,71,0,7.42,38,nan,15
2/21/2025 0:13:40,1.17.0,baseline,8,3.75,nan,1,Right,LeftANDRight,16,102,0,71,0,nan,nan,83,nan
2/21/2025 0:13:40,1.17.0,baseline,8,3.75,nan,1,RightinTimeout,LeftANDRight,16,103,0,71,0,nan,nan,0,nan
2/21/2025 0:13:57,1.17.0,baseline,8,3.75,1,1,Pellet,LeftANDRight,16,103,0,72,0,1.95,339,nan,15
2/21/2025 0:23:50,1.17.0,baseline,8,3.74,nan,1,Right,LeftANDRight,16,104,0,72,0,nan,nan,28,nan
2/21/2025 0:23:50,1.17.0,baseline,8,3.74,nan,1,RightinTimeout,LeftANDRight,16,105,0,72,0,nan,nan,0,nan
2/21/2025 0:23:53,1.17.0,baseline,8,3.75,nan,1,RightinTimeout,LeftANDRight,16,106,0,72,0,nan,nan,0,nan
2/21/2025 0:24:07,1.17.0,baseline,8,3.75,1,1,Pellet,LeftANDRight,16,106,0,73,0,1.28,610,nan,15
2/21/2025 0:24:22,1.17.0,baseline,8,3.75,nan,1,Right,LeftANDRight,16,107,0,73,0,nan,nan,225,nan
2/21/2025 0:24:22,1.17.0,baseline,8,3.75,nan,1,RightinTimeout,LeftANDRight,16,108,0,73,0,nan,nan,0,nan
2/21/2025 0:24:38,1.17.0,baseline,8,3.74,1,1,Pellet,LeftANDRight,16,108,0,74,0,0.36,31,nan,15
2/21/2025 0:24:45,1.17.0,baseline,8,3.74,nan,1,Right,LeftANDRight,16,109,0,74,0,nan,nan,116,nan
2/21/2025 0:24:45,1.17.0,baseline,8,3.75,nan,1,RightinTimeout,LeftANDRight,16,110,0,74,0,nan,nan,0,nan
2/21/2025 0:25:04,1.17.0,baseline,8,3.75,1,1,Pellet,LeftANDRight,16,110,0,75,0,2.75,26,nan,15
2/21/2025 0:28:03,1.17.0,baseline,8,3.75,nan,1,Right,LeftANDRight,16,111,0,75,0,nan,nan,120,nan
2/21/2025 0:28:22,1.17.0,baseline,8,3.74,1,1,Pellet,LeftANDRight,16,111,0,76,0,2.32,198,nan,15
2/21/2025 0:30:08,1.17.0,baseline,8,3.74,nan,1,Right,LeftANDRight,16,112,0,76,0,nan,nan,110,nan
2/21/2025 0:30:24,1.17.0,baseline,8,3.75,1,1,Pellet,LeftANDRight,16,112,0,77,0,0.06,122,nan,15
2/21/2025 0:35:09,1.17.0,baseline,8,3.74,nan,1,Right,LeftANDRight,16,113,0,77,0,nan,nan,133,nan
2/21/2025 0:35:29,1.17.0,baseline,8,3.74,1,1,Pellet,LeftANDRight,16,113,0,78,0,3.37,305,nan,15
2/21/2025 0:38:24,1.17.0,baseline,8,3.75,nan,1,Right,LeftANDRight,16,114,0,78,0,nan,nan,156,nan
2/21/2025 0:38:31,1.17.0,baseline,8,3.75,nan,1,RightinTimeout,LeftANDRight,16,115,0,78,0,nan,nan,0,nan
2/21/2025 0:38:33,1.17.0,baseline,8,3.75,nan,1,LeftinTimeOut,LeftANDRight,17,115,0,78,0,nan,nan,nan,nan
2/21/2025 0:38:40,1.17.0,baseline,8,3.75,1,1,Pellet,LeftANDRight,17,115,0,79,0,0.06,191,nan,15
2/21/2025 0:48:48,1.17.0,baseline,8,3.74,nan,1,Right,LeftANDRight,17,116,0,79,0,nan,nan,23,nan
2/21/2025 0:48:52,1.17.0,baseline,8,3.75,nan,1,RightinTimeout,LeftANDRight,17,117,0,79,0,nan,nan,0,nan
2/21/2025 0:48:53,1.17.0,baseline,8,3.74,nan,1,RightinTimeout,LeftANDRight,17,117,0,79,0,nan,nan,286,nan
2/21/2025 0:49:05,1.17.0,baseline,8,3.75,1,1,Pellet,LeftANDRight,17,117,0,80,0,1.10,625,nan,15
2/21/2025 0:57:07,1.17.0,baseline,8,3.74,nan,1,Right,LeftANDRight,17,118,0,80,0,nan,nan,787,nan
2/21/2025 0:57:26,1.17.0,baseline,8,3.75,1,1,Pellet,LeftANDRight,17,118,0,81,0,3.06,501,nan,15
2/21/2025 1:02:01,1.17.0,baseline,8,3.75,nan,1,Right,LeftANDRight,17,119,0,81,0,nan,nan,53,nan
2/21/2025 1:02:17,1.17.0,baseline,8,3.74,1,1,Pellet,LeftANDRight,17,119,0,82,0,0.85,291,nan,15
2/21/2025 1:05:44,1.17.0,baseline,8,3.75,nan,1,Right,LeftANDRight,17,120,0,82,0,nan,nan,629,nan
2/21/2025 1:05:51,1.17.0,baseline,8,3.75,nan,1,RightinTimeout,LeftANDRight,17,121,0,82,0,nan,nan,0,nan
2/21/2025 1:06:00,1.17.0,baseline,8,3.74,1,1,Pellet,LeftANDRight,17,121,0,83,0,0.61,223,nan,15
2/21/2025 1:11:27,1.17.0,baseline,8,3.74,nan,1,Right,LeftANDRight,17,122,0,83,0,nan,nan,70,nan
2/21/2025 1:11:27,1.17.0,baseline,8,3.74,nan,1,RightinTimeout,LeftANDRight,17,123,0,83,0,nan,nan,0,nan
2/21/2025 1:11:28,1.17.0,baseline,8,3.75,nan,1,RightinTimeout,LeftANDRight,17,124,0,83,0,nan,nan,0,nan
2/21/2025 1:11:28,1.17.0,baseline,8,3.74,nan,1,RightinTimeout,LeftANDRight,17,124,0,83,0,nan,nan,283,nan
2/21/2025 1:11:29,1.17.0,baseline,8,3.74,nan,1,RightinTimeout,LeftANDRight,17,125,0,83,0,nan,nan,0,nan
2/21/2025 1:11:42,1.17.0,baseline,8,3.73,1,1,Pellet,LeftANDRight,17,125,0,84,0,0.06,342,nan,15
2/21/2025 1:11:53,1.17.0,baseline,8,3.75,nan,1,Right,LeftANDRight,17,126,0,84,0,nan,nan,30,nan
2/21/2025 1:12:13,1.17.0,baseline,8,3.75,2,1,Pellet,LeftANDRight,17,126,0,85,0,3.55,31,nan,15
2/21/2025 1:14:28,1.17.0,baseline,8,3.75,nan,1,Right,LeftANDRight,17,127,0,85,0,nan,nan,250,nan
2/21/2025 1:14:49,1.17.0,baseline,8,3.74,1,1,Pellet,LeftANDRight,17,127,0,86,0,5.45,156,nan,15
2/21/2025 1:20:14,1.17.0,baseline,8,3.75,nan,1,Right,LeftANDRight,17,128,0,86,0,nan,nan,0,nan
2/21/2025 1:20:32,1.17.0,baseline,8,3.74,2,1,Pellet,LeftANDRight,17,128,0,87,0,0.30,343,nan,15
2/21/2025 1:20:41,1.17.0,baseline,8,3.75,nan,1,Right,LeftANDRight,17,129,0,87,0,nan,nan,272,nan
2/21/2025 1:20:58,1.17.0,baseline,8,3.74,1,1,Pellet,LeftANDRight,17,129,0,88,0,0.55,26,nan,15
2/21/2025 1:29:27,1.17.0,baseline,8,3.75,nan,1,Left,LeftANDRight,18,129,0,88,0,nan,nan,0,nan
2/21/2025 1:29:46,1.17.0,baseline,8,3.74,1,1,Pellet,LeftANDRight,18,129,0,89,0,2.88,528,nan,15
2/21/2025 1:32:24,1.17.0,baseline,8,3.75,nan,1,Right,LeftANDRight,18,130,0,89,0,nan,nan,80,nan
2/21/2025 1:32:35,1.17.0,baseline,8,3.75,nan,1,LeftinTimeOut,LeftANDRight,19,130,0,89,0,nan,nan,nan,nan
2/21/2025 1:32:35,1.17.0,baseline,8,3.74,nan,1,LeftinTimeOut,LeftANDRight,19,130,0,89,0,nan,nan,nan,nan
2/21/2025 1:32:36,1.17.0,baseline,8,3.74,nan,1,LeftinTimeOut,LeftANDRight,19,130,0,89,0,nan,nan,nan,nan
2/21/2025 1:32:36,1.17.0,baseline,8,3.74,nan,1,LeftinTimeOut,LeftANDRight,19,130,0,89,0,nan,nan,nan,nan
2/21/2025 1:32:39,1.17.0,baseline,8,3.74,nan,1,RightinTimeout,LeftANDRight,19,131,0,89,0,nan,nan,0,nan
2/21/2025 1:32:39,1.17.0,baseline,8,3.74,nan,1,RightinTimeout,LeftANDRight,19,131,0,89,0,nan,nan,286,nan
2/21/2025 1:32:39,1.17.0,baseline,8,3.74,nan,1,RightinTimeout,LeftANDRight,19,131,0,89,0,nan,nan,569,nan
2/21/2025 1:32:41,1.17.0,baseline,8,3.74,1,1,Pellet,LeftANDRight,19,131,0,90,0,0.42,175,nan,15
2/21/2025 1:32:57,1.17.0,baseline,8,3.74,nan,1,Right,LeftANDRight,19,132,0,90,0,nan,nan,82,nan
2/21/2025 1:32:57,1.17.0,baseline,8,3.75,nan,1,RightinTimeout,LeftANDRight,19,133,0,90,0,nan,nan,0,nan
2/21/2025 1:32:58,1.17.0,baseline,8,3.74,nan,1,RightinTimeout,LeftANDRight,19,133,0,90,0,nan,nan,287,nan
2/21/2025 1:32:58,1.17.0,baseline,8,3.74,nan,1,RightinTimeout,LeftANDRight,19,133,0,90,0,nan,nan,570,nan
2/21/2025 1:32:58,1.17.0,baseline,8,3.74,nan,1,RightinTimeout,LeftANDRight,19,133,0,90,0,nan,nan,853,nan
2/21/2025 1:33:15,1.17.0,baseline,8,3.74,2,1,Pellet,LeftANDRight,19,133,0,91,0,0.06,34,nan,15
2/21/2025 1:34:43,1.17.0,baseline,8,3.74,nan,1,Right,LeftANDRight,19,134,0,91,0,nan,nan,152,nan
2/21/2025 1:34:54,1.17.0,baseline,8,3.74,nan,1,LeftinTimeOut,LeftANDRight,20,134,0,91,0,nan,nan,nan,nan
2/21/2025 1:35:05,1.17.0,baseline,8,3.74,1,1,Pellet,LeftANDRight,20,134,0,92,0,6.13,110,nan,15
2/21/2025 1:39:30,1.17.0,baseline,8,3.74,nan,1,Right,LeftANDRight,20,135,0,92,0,nan,nan,411,nan
2/21/2025 1:39:46,1.17.0,baseline,8,3.74,1,1,Pellet,LeftANDRight,20,135,0,93,0,0.73,281,nan,15
2/21/2025 3:22:17,1.17.0,baseline,8,3.74,nan,1,Right,LeftANDRight,20,136,0,93,0,nan,nan,308,nan
2/21/2025 3:22:17,1.17.0,baseline,8,3.74,nan,1,RightinTimeout,LeftANDRight,20,137,0,93,0,nan,nan,0,nan
2/21/2025 3:22:33,1.17.0,baseline,8,3.74,1,1,Pellet,LeftANDRight,20,137,0,94,0,0.49,6167,nan,15
2/21/2025 3:22:46,1.17.0,baseline,8,3.74,nan,1,Right,LeftANDRight,20,138,0,94,0,nan,nan,0,nan
2/21/2025 3:22:46,1.17.0,baseline,8,3.74,nan,1,RightinTimeout,LeftANDRight,20,139,0,94,0,nan,nan,0,nan
2/21/2025 3:22:48,1.17.0,baseline,8,3.74,nan,1,RightinTimeout,LeftANDRight,20,140,0,94,0,nan,nan,0,nan
2/21/2025 3:22:48,1.17.0,baseline,8,3.74,nan,1,RightinTimeout,LeftANDRight,20,140,0,94,0,nan,nan,286,nan
2/21/2025 3:22:48,1.17.0,baseline,8,3.74,nan,1,RightinTimeout,LeftANDRight,20,140,0,94,0,nan,nan,570,nan
2/21/2025 3:22:57,1.17.0,baseline,8,3.74,nan,1,RightinTimeout,LeftANDRight,20,141,0,94,0,nan,nan,0,nan
2/21/2025 3:22:57,1.17.0,baseline,8,3.74,nan,1,RightinTimeout,LeftANDRight,20,141,0,94,0,nan,nan,283,nan
2/21/2025 3:22:57,1.17.0,baseline,8,3.74,nan,1,RightinTimeout,LeftANDRight,20,141,0,94,0,nan,nan,566,nan
2/21/2025 3:23:02,1.17.0,baseline,8,3.74,1,1,Pellet,LeftANDRight,20,141,0,95,0,0.36,29,nan,15
2/21/2025 3:23:13,1.17.0,baseline,8,3.74,nan,1,Right,LeftANDRight,20,142,0,95,0,nan,nan,32,nan
2/21/2025 3:23:29,1.17.0,baseline,8,3.74,1,1,Pellet,LeftANDRight,20,142,0,96,0,0.06,27,nan,15
2/21/2025 3:26:19,1.17.0,baseline,8,3.74,nan,1,Right,LeftANDRight,20,143,0,96,0,nan,nan,285,nan
2/21/2025 3:26:25,1.17.0,baseline,8,3.74,nan,1,RightinTimeout,LeftANDRight,20,144,0,96,0,nan,nan,0,nan
2/21/2025 3:26:25,1.17.0,baseline,8,3.74,nan,1,RightinTimeout,LeftANDRight,20,144,0,96,0,nan,nan,287,nan
2/21/2025 3:26:27,1.17.0,baseline,8,3.74,nan,1,RightinTimeout,LeftANDRight,20,145,0,96,0,nan,nan,0,nan
2/21/2025 3:26:27,1.17.0,baseline,8,3.74,nan,1,RightinTimeout,LeftANDRight,20,145,0,96,0,nan,nan,283,nan
2/21/2025 3:26:27,1.17.0,baseline,8,3.74,nan,1,RightinTimeout,LeftANDRight,20,146,0,96,0,nan,nan,0,nan
2/21/2025 3:26:42,1.17.0,baseline,8,3.74,2,1,Pellet,LeftANDRight,20,146,0,97,0,4.97,193,nan,15
2/21/2025 3:35:11,1.17.0,baseline,8,3.74,nan,1,Left,LeftANDRight,21,146,0,97,0,nan,nan,51,nan
2/21/2025 3:35:14,1.17.0,baseline,8,3.74,nan,1,LeftinTimeOut,LeftANDRight,22,146,0,97,0,nan,nan,nan,nan
2/21/2025 3:35:14,1.17.0,baseline,8,3.74,nan,1,LeftinTimeOut,LeftANDRight,22,146,0,97,0,nan,nan,nan,nan
2/21/2025 3:35:17,1.17.0,baseline,8,3.74,nan,1,LeftinTimeOut,LeftANDRight,23,146,0,97,0,nan,nan,nan,nan
2/21/2025 3:35:17,1.17.0,baseline,8,3.74,nan,1,LeftinTimeOut,LeftANDRight,23,146,0,97,0,nan,nan,nan,nan
2/21/2025 3:35:20,1.17.0,baseline,8,3.74,nan,1,RightinTimeout,LeftANDRight,23,147,0,97,0,nan,nan,0,nan
2/21/2025 3:35:20,1.17.0,baseline,8,3.74,nan,1,RightinTimeout,LeftANDRight,23,147,0,97,0,nan,nan,283,nan
2/21/2025 3:35:41,1.17.0,baseline,8,3.74,2,1,Pellet,LeftANDRight,23,147,0,98,0,12.28,539,nan,15
2/21/2025 3:38:32,1.17.0,baseline,8,3.74,nan,1,Right,LeftANDRight,23,148,0,98,0,nan,nan,67,nan
2/21/2025 3:38:48,1.17.0,baseline,8,3.74,1,1,Pellet,LeftANDRight,23,148,0,99,0,1.10,187,nan,15
2/21/2025 3:41:40,1.17.0,baseline,8,3.74,nan,1,Right,LeftANDRight,23,149,0,99,0,nan,nan,92,nan
2/21/2025 3:41:40,1.17.0,baseline,8,3.74,nan,1,RightinTimeout,LeftANDRight,23,150,0,99,0,nan,nan,0,nan
2/21/2025 3:41:40,1.17.0,baseline,8,3.74,nan,1,RightinTimeout,LeftANDRight,23,150,0,99,0,nan,nan,283,nan
2/21/2025 3:41:47,1.17.0,baseline,8,3.74,nan,1,RightinTimeout,LeftANDRight,23,151,0,99,0,nan,nan,0,nan
2/21/2025 3:41:47,1.17.0,baseline,8,3.74,nan,1,RightinTimeout,LeftANDRight,23,151,0,99,0,nan,nan,283,nan
2/21/2025 3:41:55,1.17.0,baseline,8,3.74,nan,1,RightDuringDispense,LeftANDRight,23,152,0,99,0,nan,nan,432,nan
2/21/2025 3:41:59,1.17.0,baseline,8,3.74,2,1,Pellet,LeftANDRight,23,152,0,100,0,0.36,191,nan,15
2/21/2025 3:42:08,1.17.0,baseline,8,3.74,nan,1,Right,LeftANDRight,23,153,0,100,0,nan,nan,57,nan
2/21/2025 3:42:09,1.17.0,baseline,8,3.74,nan,1,RightinTimeout,LeftANDRight,23,154,0,100,0,nan,nan,0,nan
2/21/2025 3:42:09,1.17.0,baseline,8,3.74,nan,1,RightinTimeout,LeftANDRight,23,154,0,100,0,nan,nan,283,nan
2/21/2025 3:42:10,1.17.0,baseline,8,3.74,nan,1,RightinTimeout,LeftANDRight,23,155,0,100,0,nan,nan,0,nan
2/21/2025 3:42:10,1.17.0,baseline,8,3.74,nan,1,RightinTimeout,LeftANDRight,23,155,0,100,0,nan,nan,283,nan
2/21/2025 3:42:11,1.17.0,baseline,8,3.74,nan,1,RightinTimeout,LeftANDRight,23,155,0,100,0,nan,nan,567,nan
2/21/2025 3:42:21,1.17.0,baseline,8,3.74,nan,1,RightinTimeout,LeftANDRight,23,156,0,100,0,nan,nan,0,nan
2/21/2025 3:42:21,1.17.0,baseline,8,3.74,nan,1,RightinTimeout,LeftANDRight,23,156,0,100,0,nan,nan,283,nan
2/21/2025 3:42:21,1.17.0,baseline,8,3.74,nan,1,RightinTimeout,LeftANDRight,23,156,0,100,0,nan,nan,582,nan
2/21/2025 3:42:21,1.17.0,baseline,8,3.74,nan,1,RightinTimeout,LeftANDRight,23,156,0,100,0,nan,nan,868,nan
2/21/2025 3:42:22,1.17.0,baseline,8,3.74,nan,1,RightinTimeout,LeftANDRight,23,156,0,100,0,nan,nan,1154,nan
2/21/2025 3:42:22,1.17.0,baseline,8,3.74,nan,1,RightinTimeout,LeftANDRight,23,156,0,100,0,nan,nan,1441,nan
2/21/2025 3:42:24,1.17.0,baseline,8,3.74,2,1,Pellet,LeftANDRight,23,156,0,101,0,0.12,25,nan,15
2/21/2025 3:42:47,1.17.0,baseline,8,3.74,nan,1,Right,LeftANDRight,23,157,0,101,0,nan,nan,365,nan
2/21/2025 3:42:50,1.17.0,baseline,8,3.74,nan,1,RightinTimeout,LeftANDRight,23,158,0,101,0,nan,nan,0,nan
2/21/2025 3:43:03,1.17.0,baseline,8,3.73,1,1,Pellet,LeftANDRight,23,158,0,102,0,0.06,39,nan,15
2/21/2025 3:50:44,1.17.0,baseline,8,3.74,nan,1,Right,LeftANDRight,23,159,0,102,0,nan,nan,310,nan
2/21/2025 3:50:58,1.17.0,baseline,8,3.74,nan,1,RightinTimeout,LeftANDRight,23,160,0,102,0,nan,nan,0,nan
2/21/2025 3:50:59,1.17.0,baseline,8,3.74,nan,1,RightinTimeout,LeftANDRight,23,160,0,102,0,nan,nan,289,nan
2/21/2025 3:51:00,1.17.0,baseline,8,3.74,1,1,Pellet,LeftANDRight,23,160,0,103,0,0.24,477,nan,15
2/21/2025 3:51:20,1.17.0,baseline,8,3.74,nan,1,Right,LeftANDRight,23,161,0,103,0,nan,nan,394,nan
2/21/2025 3:51:37,1.17.0,baseline,8,3.74,1,1,Pellet,LeftANDRight,23,161,0,104,0,0.30,37,nan,15
2/21/2025 3:52:16,1.17.0,baseline,8,3.74,nan,1,Right,LeftANDRight,23,162,0,104,0,nan,nan,209,nan
2/21/2025 3:52:19,1.17.0,baseline,8,3.74,nan,1,RightinTimeout,LeftANDRight,23,163,0,104,0,nan,nan,0,nan
2/21/2025 3:52:20,1.17.0,baseline,8,3.74,nan,1,RightinTimeout,LeftANDRight,23,164,0,104,0,nan,nan,0,nan
2/21/2025 3:52:20,1.17.0,baseline,8,3.74,nan,1,RightinTimeout,LeftANDRight,23,164,0,104,0,nan,nan,286,nan
2/21/2025 3:52:21,1.17.0,baseline,8,3.74,nan,1,RightinTimeout,LeftANDRight,23,164,0,104,0,nan,nan,571,nan
2/21/2025 3:52:21,1.17.0,baseline,8,3.74,nan,1,RightinTimeout,LeftANDRight,23,164,0,104,0,nan,nan,857,nan
2/21/2025 3:52:25,1.17.0,baseline,8,3.74,nan,1,RightinTimeout,LeftANDRight,23,165,0,104,0,nan,nan,0,nan
2/21/2025 3:52:26,1.17.0,baseline,8,3.74,nan,1,RightinTimeout,LeftANDRight,23,166,0,104,0,nan,nan,0,nan
2/21/2025 3:52:26,1.17.0,baseline,8,3.74,nan,1,RightinTimeout,LeftANDRight,23,167,0,104,0,nan,nan,0,nan
2/21/2025 3:52:27,1.17.0,baseline,8,3.74,nan,1,RightinTimeout,LeftANDRight,23,167,0,104,0,nan,nan,285,nan
2/21/2025 3:52:27,1.17.0,baseline,8,3.74,nan,1,RightinTimeout,LeftANDRight,23,167,0,104,0,nan,nan,571,nan
2/21/2025 3:52:27,1.17.0,baseline,8,3.74,nan,1,RightinTimeout,LeftANDRight,23,167,0,104,0,nan,nan,860,nan
2/21/2025 3:52:28,1.17.0,baseline,8,3.74,nan,1,RightinTimeout,LeftANDRight,23,168,0,104,0,nan,nan,0,nan
2/21/2025 3:52:28,1.17.0,baseline,8,3.74,nan,1,RightinTimeout,LeftANDRight,23,168,0,104,0,nan,nan,286,nan
2/21/2025 3:52:32,1.17.0,baseline,8,3.74,2,1,Pellet,LeftANDRight,23,168,0,105,0,0.49,55,nan,15
2/21/2025 4:09:21,1.17.0,baseline,8,3.74,nan,1,Right,LeftANDRight,23,169,0,105,0,nan,nan,300,nan
2/21/2025 4:09:28,1.17.0,baseline,8,3.74,nan,1,RightinTimeout,LeftANDRight,23,170,0,105,0,nan,nan,0,nan
2/21/2025 4:09:37,1.17.0,baseline,8,3.74,1,1,Pellet,LeftANDRight,23,170,0,106,0,0.06,1025,nan,15
2/21/2025 4:16:26,1.17.0,baseline,8,3.74,nan,1,Right,LeftANDRight,23,171,0,106,0,nan,nan,463,nan
2/21/2025 4:16:27,1.17.0,baseline,8,3.74,nan,1,RightinTimeout,LeftANDRight,23,172,0,106,0,nan,nan,0,nan
2/21/2025 4:16:27,1.17.0,baseline,8,3.74,nan,1,RightinTimeout,LeftANDRight,23,172,0,106,0,nan,nan,285,nan
2/21/2025 4:16:43,1.17.0,baseline,8,3.74,2,1,Pellet,LeftANDRight,23,172,0,107,0,0.61,426,nan,15
2/21/2025 4:17:26,1.17.0,baseline,8,3.73,nan,1,Right,LeftANDRight,23,173,0,107,0,nan,nan,18,nan
2/21/2025 4:17:28,1.17.0,baseline,8,3.74,nan,1,RightinTimeout,LeftANDRight,23,174,0,107,0,nan,nan,0,nan
2/21/2025 4:17:31,1.17.0,baseline,8,3.74,nan,1,RewardPortinTimeOut,LeftANDRight,23,174,1,107,0,nan,nan,0,nan
2/21/2025 4:17:42,1.17.0,baseline,8,3.74,1,1,Pellet,LeftANDRight,23,174,1,108,0,0.06,59,nan,15
2/21/2025 5:06:28,1.17.0,baseline,8,3.74,nan,1,Right,LeftANDRight,23,175,1,108,0,nan,nan,600,nan
2/21/2025 5:06:30,1.17.0,baseline,8,3.74,nan,1,RightinTimeout,LeftANDRight,23,176,1,108,0,nan,nan,0,nan
2/21/2025 5:06:47,1.17.0,baseline,8,3.74,1,1,Pellet,LeftANDRight,23,176,1,109,0,2.94,2945,nan,15
2/21/2025 5:12:23,1.17.0,baseline,8,3.74,nan,1,Left,LeftANDRight,24,176,1,109,0,nan,nan,14,nan
2/21/2025 5:12:40,1.17.0,baseline,8,3.74,1,1,Pellet,LeftANDRight,24,176,1,110,0,1.71,353,nan,15
2/21/2025 5:16:24,1.17.0,baseline,8,3.74,nan,1,Right,LeftANDRight,24,177,1,110,0,nan,nan,46,nan
2/21/2025 5:16:43,1.17.0,baseline,8,3.74,1,1,Pellet,LeftANDRight,24,177,1,111,0,3.12,243,nan,15
2/21/2025 7:18:33,1.17.0,baseline,8,3.73,nan,1,Right,LeftANDRight,24,178,1,111,0,nan,nan,1079,nan
2/21/2025 7:18:39,1.17.0,baseline,8,3.73,nan,1,RightinTimeout,LeftANDRight,24,179,1,111,0,nan,nan,0,nan
2/21/2025 7:18:40,1.17.0,baseline,8,3.73,nan,1,RightinTimeout,LeftANDRight,24,180,1,111,0,nan,nan,0,nan
2/21/2025 7:18:49,1.17.0,baseline,8,3.73,1,1,Pellet,LeftANDRight,24,180,1,112,0,0.48,7326,nan,15
2/21/2025 7:19:36,1.17.0,baseline,8,3.73,nan,1,Right,LeftANDRight,24,181,1,112,0,nan,nan,311,nan
2/21/2025 7:19:38,1.17.0,baseline,8,3.73,nan,1,RightinTimeout,LeftANDRight,24,182,1,112,0,nan,nan,0,nan
2/21/2025 7:19:38,1.17.0,baseline,8,3.73,nan,1,RightinTimeout,LeftANDRight,24,182,1,112,0,nan,nan,286,nan
2/21/2025 7:19:40,1.17.0,baseline,8,3.73,nan,1,RightinTimeout,LeftANDRight,24,183,1,112,0,nan,nan,0,nan
2/21/2025 7:19:41,1.17.0,baseline,8,3.73,nan,1,RightinTimeout,LeftANDRight,24,183,1,112,0,nan,nan,289,nan
2/21/2025 7:19:42,1.17.0,baseline,8,3.73,nan,1,RightinTimeout,LeftANDRight,24,184,1,112,0,nan,nan,0,nan
2/21/2025 7:19:42,1.17.0,baseline,8,3.73,nan,1,RightinTimeout,LeftANDRight,24,184,1,112,0,nan,nan,285,nan
2/21/2025 7:19:52,1.17.0,baseline,8,3.73,2,1,Pellet,LeftANDRight,24,184,1,113,0,0.06,63,nan,15
2/21/2025 8:55:48,1.17.0,baseline,8,3.73,nan,1,Right,LeftANDRight,24,185,1,113,0,nan,nan,538,nan
2/21/2025 8:56:03,1.17.0,baseline,8,3.73,1,1,Pellet,LeftANDRight,24,185,1,114,0,0.06,5771,nan,15
2/21/2025 8:56:33,1.17.0,baseline,8,3.71,nan,1,Right,LeftANDRight,24,186,1,114,0,nan,nan,772,nan
2/21/2025 8:56:35,1.17.0,baseline,8,3.73,nan,1,RightinTimeout,LeftANDRight,24,187,1,114,0,nan,nan,0,nan
2/21/2025 8:56:48,1.17.0,baseline,8,3.73,nan,1,RightinTimeout,LeftANDRight,24,188,1,114,0,nan,nan,0,nan
2/21/2025 8:56:48,1.17.0,baseline,8,3.73,nan,1,RightinTimeout,LeftANDRight,24,188,1,114,0,nan,nan,285,nan
2/21/2025 8:56:49,1.17.0,baseline,8,3.72,2,1,Pellet,LeftANDRight,24,188,1,115,0,0.06,46,nan,15
2/21/2025 8:57:35,1.17.0,baseline,8,3.73,nan,1,Right,LeftANDRight,24,189,1,115,0,nan,nan,765,nan
2/21/2025 8:57:37,1.17.0,baseline,8,3.73,nan,1,RightinTimeout,LeftANDRight,24,190,1,115,0,nan,nan,0,nan
2/21/2025 8:57:38,1.17.0,baseline,8,3.73,nan,1,RightinTimeout,LeftANDRight,24,191,1,115,0,nan,nan,0,nan
2/21/2025 8:57:38,1.17.0,baseline,8,3.73,nan,1,RightinTimeout,LeftANDRight,24,191,1,115,0,nan,nan,286,nan
2/21/2025 8:57:49,1.17.0,baseline,8,3.73,nan,1,RightinTimeout,LeftANDRight,24,192,1,115,0,nan,nan,0,nan
2/21/2025 8:57:50,1.17.0,baseline,8,3.73,nan,1,RightinTimeout,LeftANDRight,24,193,1,115,0,nan,nan,0,nan
2/21/2025 8:57:54,1.17.0,baseline,8,3.73,1,1,Pellet,LeftANDRight,24,193,1,116,0,2.88,65,nan,15
2/21/2025 8:58:10,1.17.0,baseline,8,3.73,nan,1,Right,LeftANDRight,24,194,1,116,0,nan,nan,1265,nan
2/21/2025 8:58:12,1.17.0,baseline,8,3.73,nan,1,RightinTimeout,LeftANDRight,24,195,1,116,0,nan,nan,0,nan
2/21/2025 8:58:12,1.17.0,baseline,8,3.73,nan,1,RightinTimeout,LeftANDRight,24,195,1,116,0,nan,nan,289,nan
2/21/2025 8:58:12,1.17.0,baseline,8,3.73,nan,1,RightinTimeout,LeftANDRight,24,195,1,116,0,nan,nan,575,nan
2/21/2025 8:58:26,1.17.0,baseline,8,3.73,1,1,Pellet,LeftANDRight,24,195,1,117,0,0.06,32,nan,15
2/21/2025 8:58:50,1.17.0,baseline,8,3.73,nan,1,Right,LeftANDRight,24,196,1,117,0,nan,nan,298,nan
2/21/2025 8:58:51,1.17.0,baseline,8,3.73,nan,1,RightinTimeout,LeftANDRight,24,197,1,117,0,nan,nan,0,nan
2/21/2025 8:58:51,1.17.0,baseline,8,3.73,nan,1,RightinTimeout,LeftANDRight,24,197,1,117,0,nan,nan,289,nan
2/21/2025 8:58:51,1.17.0,baseline,8,3.73,nan,1,RightinTimeout,LeftANDRight,24,197,1,117,0,nan,nan,574,nan
2/21/2025 8:58:51,1.17.0,baseline,8,3.73,nan,1,RightinTimeout,LeftANDRight,24,197,1,117,0,nan,nan,860,nan
2/21/2025 8:58:55,1.17.0,baseline,8,3.73,nan,1,RightinTimeout,LeftANDRight,24,198,1,117,0,nan,nan,0,nan
2/21/2025 8:58:55,1.17.0,baseline,8,3.73,nan,1,RightinTimeout,LeftANDRight,24,198,1,117,0,nan,nan,286,nan
2/21/2025 8:59:01,1.17.0,baseline,8,3.73,nan,1,RightinTimeout,LeftANDRight,24,199,1,117,0,nan,nan,0,nan
2/21/2025 8:59:01,1.17.0,baseline,8,3.73,nan,1,RightinTimeout,LeftANDRight,24,199,1,117,0,nan,nan,285,nan
2/21/2025 8:59:01,1.17.0,baseline,8,3.73,nan,1,RightinTimeout,LeftANDRight,24,199,1,117,0,nan,nan,571,nan
2/21/2025 8:59:02,1.17.0,baseline,8,3.73,nan,1,RightinTimeout,LeftANDRight,24,199,1,117,0,nan,nan,856,nan
2/21/2025 8:59:02,1.17.0,baseline,8,3.73,nan,1,RightinTimeout,LeftANDRight,24,200,1,117,0,nan,nan,0,nan
2/21/2025 8:59:08,1.17.0,baseline,8,3.73,1,1,Pellet,LeftANDRight,24,200,1,118,0,1.59,42,nan,15
2/21/2025 9:15:05,1.17.0,baseline,8,3.73,nan,1,Right,LeftANDRight,24,201,1,118,0,nan,nan,85,nan
2/21/2025 9:15:23,1.17.0,baseline,8,3.73,1,1,Pellet,LeftANDRight,24,201,1,119,0,2.02,975,nan,15
2/21/2025 9:19:18,1.17.0,baseline,8,3.73,nan,1,Right,LeftANDRight,24,202,1,119,0,nan,nan,53,nan
2/21/2025 9:19:19,1.17.0,baseline,8,3.73,nan,1,RightinTimeout,LeftANDRight,24,203,1,119,0,nan,nan,0,nan
2/21/2025 9:19:19,1.17.0,baseline,8,3.73,nan,1,RightinTimeout,LeftANDRight,24,203,1,119,0,nan,nan,289,nan
2/21/2025 9:19:24,1.17.0,baseline,8,3.73,nan,1,RightinTimeout,LeftANDRight,24,204,1,119,0,nan,nan,0,nan
2/21/2025 9:19:28,1.17.0,baseline,8,3.73,nan,1,LeftinTimeOut,LeftANDRight,25,204,1,119,0,nan,nan,nan,nan
2/21/2025 9:19:35,1.17.0,baseline,8,3.73,2,1,Pellet,LeftANDRight,25,204,1,120,0,0.12,252,nan,15
2/21/2025 10:58:07,1.17.0,baseline,8,3.72,nan,1,Right,LeftANDRight,25,205,1,120,0,nan,nan,11,nan
2/21/2025 10:58:14,1.17.0,baseline,8,3.73,nan,1,RightinTimeout,LeftANDRight,25,206,1,120,0,nan,nan,0,nan
2/21/2025 10:58:14,1.17.0,baseline,8,3.72,nan,1,RightinTimeout,LeftANDRight,25,206,1,120,0,nan,nan,286,nan
2/21/2025 10:58:24,1.17.0,baseline,8,3.72,2,1,Pellet,LeftANDRight,25,206,1,121,0,0.36,5929,nan,15
2/21/2025 11:27:14,1.17.0,baseline,8,3.73,nan,1,Right,LeftANDRight,25,207,1,121,0,nan,nan,416,nan
2/21/2025 11:27:33,1.17.0,baseline,8,3.72,2,1,Pellet,LeftANDRight,25,207,1,122,0,3.00,1749,nan,15
2/21/2025 11:30:43,1.17.0,baseline,8,3.73,nan,1,Right,LeftANDRight,25,208,1,122,0,nan,nan,17,nan
2/21/2025 11:30:45,1.17.0,baseline,8,3.72,nan,1,RightinTimeout,LeftANDRight,25,209,1,122,0,nan,nan,0,nan
2/21/2025 11:30:59,1.17.0,baseline,8,3.72,nan,1,RightDuringDispense,LeftANDRight,25,210,1,122,0,nan,nan,172,nan
2/21/2025 11:31:00,1.17.0,baseline,8,3.72,1,1,Pellet,LeftANDRight,25,210,1,123,0,0.67,206,nan,15
2/21/2025 11:31:13,1.17.0,baseline,8,3.72,nan,1,Right,LeftANDRight,25,211,1,123,0,nan,nan,527,nan
2/21/2025 11:31:16,1.17.0,baseline,8,3.72,nan,1,RightinTimeout,LeftANDRight,25,212,1,123,0,nan,nan,0,nan
2/21/2025 11:31:30,1.17.0,baseline,8,3.72,2,1,Pellet,LeftANDRight,25,212,1,124,0,0.06,31,nan,15
2/21/2025 12:06:08,1.17.0,baseline,8,3.72,nan,1,Right,LeftANDRight,25,213,1,124,0,nan,nan,276,nan
2/21/2025 12:06:24,1.17.0,baseline,8,3.71,2,1,Pellet,LeftANDRight,25,213,1,125,0,0.06,2094,nan,15
2/21/2025 12:06:38,1.17.0,baseline,8,3.72,nan,1,Right,LeftANDRight,25,214,1,125,0,nan,nan,252,nan
2/21/2025 12:07:10,1.17.0,baseline,8,3.71,1,1,Pellet,LeftANDRight,25,214,1,126,0,16.35,46,nan,15
2/21/2025 12:07:12,1.17.0,baseline,8,3.71,nan,1,Right,LeftANDRight,25,215,1,126,0,nan,nan,323,nan
2/21/2025 12:07:28,1.17.0,baseline,8,3.71,1,1,Pellet,LeftANDRight,25,215,1,127,0,0.06,18,nan,15
2/21/2025 12:18:44,1.17.0,baseline,8,3.72,nan,1,Left,LeftANDRight,26,215,1,127,0,nan,nan,106,nan
2/21/2025 12:19:14,1.17.0,baseline,8,3.71,2,1,Pellet,LeftANDRight,26,215,1,128,0,12.47,706,nan,15
2/21/2025 12:22:33,1.17.0,baseline,8,3.72,nan,1,Left,LeftANDRight,27,215,1,128,0,nan,nan,21,nan
2/21/2025 12:22:51,1.17.0,baseline,8,3.71,1,1,Pellet,LeftANDRight,27,215,1,129,0,1.90,217,nan,15
2/21/2025 12:23:55,1.17.0,baseline,8,3.71,nan,1,Left,LeftANDRight,28,215,1,129,0,nan,nan,109,nan
2/21/2025 12:24:10,1.17.0,baseline,8,3.72,1,1,Pellet,LeftANDRight,28,215,1,130,0,0.06,79,nan,15
2/21/2025 12:27:25,1.17.0,baseline,8,3.71,nan,1,Left,LeftANDRight,29,215,1,130,0,nan,nan,37,nan
2/21/2025 12:27:27,1.17.0,baseline,8,3.72,nan,1,RightinTimeout,LeftANDRight,29,216,1,130,0,nan,nan,0,nan
2/21/2025 12:27:28,1.17.0,baseline,8,3.71,nan,1,RightinTimeout,LeftANDRight,29,216,1,130,0,nan,nan,285,nan
2/21/2025 12:27:33,1.17.0,baseline,8,3.72,nan,1,LeftinTimeOut,LeftANDRight,30,216,1,130,0,nan,nan,nan,nan
2/21/2025 12:27:41,1.17.0,baseline,8,3.71,1,1,Pellet,LeftANDRight,30,216,1,131,0,0.06,210,nan,15
2/21/2025 12:38:22,1.17.0,baseline,8,3.72,nan,1,Right,LeftANDRight,30,217,1,131,0,nan,nan,902,nan
2/21/2025 12:38:37,1.17.0,baseline,8,3.72,nan,1,LeftinTimeOut,LeftANDRight,31,217,1,131,0,nan,nan,nan,nan
2/21/2025 12:38:41,1.17.0,baseline,8,3.71,1,1,Pellet,LeftANDRight,31,217,1,132,0,2.51,661,nan,15
2/21/2025 12:38:52,1.17.0,baseline,8,3.71,nan,1,Right,LeftANDRight,31,218,1,132,0,nan,nan,97,nan
2/21/2025 12:38:56,1.17.0,baseline,8,3.71,nan,1,LeftinTimeOut,LeftANDRight,32,218,1,132,0,nan,nan,nan,nan
2/21/2025 12:39:12,1.17.0,baseline,8,3.72,1,1,Pellet,LeftANDRight,32,218,1,133,0,3.68,31,nan,15
2/21/2025 12:43:04,1.17.0,baseline,8,3.72,nan,1,Right,LeftANDRight,32,219,1,133,0,nan,nan,502,nan
2/21/2025 12:43:19,1.17.0,baseline,8,3.71,nan,1,RightDuringDispense,LeftANDRight,32,220,1,133,0,nan,nan,57,nan
2/21/2025 12:43:20,1.17.0,baseline,8,3.71,nan,1,RightDuringDispense,LeftANDRight,32,221,1,133,0,nan,nan,310,nan
2/21/2025 12:43:23,1.17.0,baseline,8,3.71,2,1,Pellet,LeftANDRight,32,221,1,134,0,0.73,251,nan,15
2/21/2025 14:01:12,1.17.0,baseline,8,3.69,nan,1,Right,LeftANDRight,32,222,1,134,0,nan,nan,76,nan
2/21/2025 14:01:30,1.17.0,baseline,8,3.71,1,1,Pellet,LeftANDRight,32,222,1,135,0,2.57,4687,nan,15
2/21/2025 14:07:56,1.17.0,baseline,8,3.71,nan,1,Right,LeftANDRight,32,223,1,135,0,nan,nan,332,nan
2/21/2025 14:08:03,1.17.0,baseline,8,3.71,nan,1,RightinTimeout,LeftANDRight,32,224,1,135,0,nan,nan,0,nan
2/21/2025 14:08:04,1.17.0,baseline,8,3.71,nan,1,RightinTimeout,LeftANDRight,32,224,1,135,0,nan,nan,286,nan
2/21/2025 14:08:12,1.17.0,baseline,8,3.71,1,1,Pellet,LeftANDRight,32,224,1,136,0,0.06,402,nan,15
2/21/2025 14:08:27,1.17.0,baseline,8,3.71,nan,1,Left,LeftANDRight,33,224,1,136,0,nan,nan,273,nan
2/21/2025 14:08:34,1.17.0,baseline,8,3.71,nan,1,LeftinTimeOut,LeftANDRight,34,224,1,136,0,nan,nan,nan,nan
2/21/2025 14:08:34,1.17.0,baseline,8,3.71,nan,1,LeftinTimeOut,LeftANDRight,34,224,1,136,0,nan,nan,nan,nan
2/21/2025 14:08:43,1.17.0,baseline,8,3.71,1,1,Pellet,LeftANDRight,34,224,1,137,0,0.36,31,nan,15
2/21/2025 14:08:53,1.17.0,baseline,8,3.71,nan,1,Right,LeftANDRight,34,225,1,137,0,nan,nan,310,nan
2/21/2025 14:08:54,1.17.0,baseline,8,3.71,nan,1,RightinTimeout,LeftANDRight,34,226,1,137,0,nan,nan,0,nan
2/21/2025 14:08:54,1.17.0,baseline,8,3.71,nan,1,RightinTimeout,LeftANDRight,34,226,1,137,0,nan,nan,286,nan
2/21/2025 14:08:54,1.17.0,baseline,8,3.71,nan,1,RightinTimeout,LeftANDRight,34,226,1,137,0,nan,nan,571,nan
2/21/2025 14:08:56,1.17.0,baseline,8,3.71,nan,1,RightinTimeout,LeftANDRight,34,227,1,137,0,nan,nan,0,nan
2/21/2025 14:09:11,1.17.0,baseline,8,3.71,1,1,Pellet,LeftANDRight,34,227,1,138,0,1.34,28,nan,15
2/21/2025 14:15:23,1.17.0,baseline,8,3.71,nan,1,Left,LeftANDRight,35,227,1,138,0,nan,nan,194,nan
2/21/2025 14:15:41,1.17.0,baseline,8,3.71,1,1,Pellet,LeftANDRight,35,227,1,139,0,1.46,390,nan,15
2/21/2025 15:58:03,1.17.0,baseline,8,3.71,nan,1,Right,LeftANDRight,35,228,1,139,0,nan,nan,445,nan
2/21/2025 15:58:19,1.17.0,baseline,8,3.71,1,1,Pellet,LeftANDRight,35,228,1,140,0,0.55,6158,nan,15
2/21/2025 15:58:36,1.17.0,baseline,8,3.71,nan,1,Right,LeftANDRight,35,229,1,140,0,nan,nan,83,nan
2/21/2025 15:58:37,1.17.0,baseline,8,3.71,nan,1,RightinTimeout,LeftANDRight,35,230,1,140,0,nan,nan,0,nan
2/21/2025 15:58:37,1.17.0,baseline,8,3.71,nan,1,RightinTimeout,LeftANDRight,35,230,1,140,0,nan,nan,286,nan
2/21/2025 15:58:37,1.17.0,baseline,8,3.71,nan,1,RightinTimeout,LeftANDRight,35,230,1,140,0,nan,nan,572,nan
2/21/2025 15:58:37,1.17.0,baseline,8,3.71,nan,1,RightinTimeout,LeftANDRight,35,230,1,140,0,nan,nan,859,nan
2/21/2025 15:58:38,1.17.0,baseline,8,3.71,nan,1,RightinTimeout,LeftANDRight,35,231,1,140,0,nan,nan,0,nan
2/21/2025 15:58:39,1.17.0,baseline,8,3.71,nan,1,RightinTimeout,LeftANDRight,35,231,1,140,0,nan,nan,290,nan
2/21/2025 15:58:39,1.17.0,baseline,8,3.71,nan,1,RightinTimeout,LeftANDRight,35,231,1,140,0,nan,nan,575,nan
2/21/2025 15:58:40,1.17.0,baseline,8,3.69,nan,1,RightinTimeout,LeftANDRight,35,232,1,140,0,nan,nan,0,nan
2/21/2025 15:58:40,1.17.0,baseline,8,3.71,nan,1,RightinTimeout,LeftANDRight,35,232,1,140,0,nan,nan,314,nan
2/21/2025 15:58:41,1.17.0,baseline,8,3.71,nan,1,RightinTimeout,LeftANDRight,35,233,1,140,0,nan,nan,0,nan
2/21/2025 15:58:52,1.17.0,baseline,8,3.70,1,1,Pellet,LeftANDRight,35,233,1,141,0,0.42,33,nan,15
2/21/2025 15:59:06,1.17.0,baseline,8,3.71,nan,1,Right,LeftANDRight,35,234,1,141,0,nan,nan,102,nan
2/21/2025 15:59:22,1.17.0,baseline,8,3.70,1,1,Pellet,LeftANDRight,35,234,1,142,0,0.06,30,nan,15
2/21/2025 15:59:40,1.17.0,baseline,8,3.70,nan,1,Left,LeftANDRight,36,234,1,142,0,nan,nan,53,nan
2/21/2025 15:59:57,1.17.0,baseline,8,3.71,1,1,Pellet,LeftANDRight,36,234,1,143,0,0.85,35,nan,15
2/21/2025 16:00:10,1.17.0,baseline,8,3.71,nan,1,Right,LeftANDRight,36,235,1,143,0,nan,nan,305,nan
2/21/2025 16:00:10,1.17.0,baseline,8,3.71,nan,1,RightinTimeout,LeftANDRight,36,236,1,143,0,nan,nan,0,nan
2/21/2025 16:00:10,1.17.0,baseline,8,3.71,nan,1,RightinTimeout,LeftANDRight,36,236,1,143,0,nan,nan,286,nan
2/21/2025 16:00:10,1.17.0,baseline,8,3.71,nan,1,RightinTimeout,LeftANDRight,36,236,1,143,0,nan,nan,571,nan
2/21/2025 16:00:26,1.17.0,baseline,8,3.71,1,1,Pellet,LeftANDRight,36,236,1,144,0,0.55,29,nan,15
2/21/2025 16:00:39,1.17.0,baseline,8,3.71,nan,1,Right,LeftANDRight,36,237,1,144,0,nan,nan,0,nan
2/21/2025 16:00:56,1.17.0,baseline,8,3.71,1,1,Pellet,LeftANDRight,36,237,1,145,0,0.85,30,nan,15
2/21/2025 16:07:41,1.17.0,baseline,8,3.70,nan,1,Left,LeftANDRight,37,237,1,145,0,nan,nan,84,nan
2/21/2025 16:07:46,1.17.0,baseline,8,3.71,nan,1,RightinTimeout,LeftANDRight,37,238,1,145,0,nan,nan,0,nan
2/21/2025 16:07:48,1.17.0,baseline,8,3.71,nan,1,RightinTimeout,LeftANDRight,37,239,1,145,0,nan,nan,0,nan
2/21/2025 16:07:49,1.17.0,baseline,8,3.71,nan,1,RightinTimeout,LeftANDRight,37,239,1,145,0,nan,nan,289,nan
2/21/2025 16:07:54,1.17.0,baseline,8,3.69,nan,1,RightinTimeout,LeftANDRight,37,240,1,145,0,nan,nan,0,nan
2/21/2025 16:07:54,1.17.0,baseline,8,3.71,nan,1,RightinTimeout,LeftANDRight,37,240,1,145,0,nan,nan,286,nan
2/21/2025 16:07:57,1.17.0,baseline,8,3.70,nan,1,RightinTimeout,LeftANDRight,37,241,1,145,0,nan,nan,0,nan
2/21/2025 16:07:58,1.17.0,baseline,8,3.71,1,1,Pellet,LeftANDRight,37,241,1,146,0,0.06,422,nan,15
2/21/2025 16:08:21,1.17.0,baseline,8,3.71,nan,1,Right,LeftANDRight,37,242,1,146,0,nan,nan,56,nan
2/21/2025 16:08:22,1.17.0,baseline,8,3.71,nan,1,RightinTimeout,LeftANDRight,37,243,1,146,0,nan,nan,0,nan
2/21/2025 16:08:22,1.17.0,baseline,8,3.71,nan,1,RightinTimeout,LeftANDRight,37,243,1,146,0,nan,nan,286,nan
2/21/2025 16:08:23,1.17.0,baseline,8,3.71,nan,1,RightinTimeout,LeftANDRight,37,244,1,146,0,nan,nan,0,nan
2/21/2025 16:08:29,1.17.0,baseline,8,3.71,nan,1,LeftinTimeOut,LeftANDRight,38,244,1,146,0,nan,nan,nan,nan
2/21/2025 16:08:33,1.17.0,baseline,8,3.71,nan,1,LeftinTimeOut,LeftANDRight,39,244,1,146,0,nan,nan,nan,nan
2/21/2025 16:08:42,1.17.0,baseline,8,3.71,1,1,Pellet,LeftANDRight,39,244,1,147,0,4.41,44,nan,15
2/21/2025 16:13:09,1.17.0,baseline,8,3.69,nan,1,Left,LeftANDRight,40,244,1,147,0,nan,nan,32,nan
2/21/2025 16:13:11,1.17.0,baseline,8,3.71,nan,1,LeftinTimeOut,LeftANDRight,41,244,1,147,0,nan,nan,nan,nan
2/21/2025 16:13:25,1.17.0,baseline,8,3.71,1,1,Pellet,LeftANDRight,41,244,1,148,0,0.06,283,nan,15
2/21/2025 16:16:56,1.17.0,baseline,8,3.71,nan,1,Right,LeftANDRight,41,245,1,148,0,nan,nan,69,nan
2/21/2025 16:17:11,1.17.0,baseline,8,3.71,1,1,Pellet,LeftANDRight,41,245,1,149,0,0.06,226,nan,15
2/21/2025 16:23:30,1.17.0,baseline,8,3.71,nan,1,Left,LeftANDRight,42,245,1,149,0,nan,nan,40,nan
2/21/2025 16:23:48,1.17.0,baseline,8,3.69,2,1,Pellet,LeftANDRight,42,245,1,150,0,0.06,397,nan,15
2/21/2025 18:23:22,1.17.0,baseline,8,3.69,nan,1,Right,LeftANDRight,42,246,1,150,0,nan,nan,342,nan
2/21/2025 18:23:22,1.17.0,baseline,8,3.69,nan,1,RightinTimeout,LeftANDRight,42,247,1,150,0,nan,nan,0,nan
2/21/2025 18:23:23,1.17.0,baseline,8,3.69,nan,1,RightinTimeout,LeftANDRight,42,247,1,150,0,nan,nan,285,nan
2/21/2025 18:23:33,1.17.0,baseline,8,3.70,nan,1,LeftinTimeOut,LeftANDRight,43,247,1,150,0,nan,nan,nan,nan
2/21/2025 18:23:39,1.17.0,baseline,8,3.69,1,1,Pellet,LeftANDRight,43,247,1,151,0,0.79,7191,nan,15
2/21/2025 18:23:49,1.17.0,baseline,8,3.69,nan,1,Right,LeftANDRight,43,248,1,151,0,nan,nan,818,nan
2/21/2025 18:24:07,1.17.0,baseline,8,3.69,2,1,Pellet,LeftANDRight,43,248,1,152,0,0.06,28,nan,15
2/21/2025 18:25:52,1.17.0,baseline,8,3.70,nan,1,Right,LeftANDRight,43,249,1,152,0,nan,nan,92,nan
2/21/2025 18:26:07,1.17.0,baseline,8,3.69,1,1,Pellet,LeftANDRight,43,249,1,153,0,0.06,120,nan,15
2/21/2025 18:29:48,1.17.0,baseline,8,3.69,nan,1,Left,LeftANDRight,44,249,1,153,0,nan,nan,146,nan
2/21/2025 18:30:04,1.17.0,baseline,8,3.69,1,1,Pellet,LeftANDRight,44,249,1,154,0,0.85,237,nan,15
2/21/2025 19:28:52,1.17.0,baseline,8,3.69,nan,1,Left,LeftANDRight,45,249,1,154,0,nan,nan,13,nan
2/21/2025 19:29:00,1.17.0,baseline,8,3.69,nan,1,RightinTimeout,LeftANDRight,45,250,1,154,0,nan,nan,0,nan
2/21/2025 19:29:00,1.17.0,baseline,8,3.69,nan,1,RightinTimeout,LeftANDRight,45,250,1,154,0,nan,nan,286,nan
2/21/2025 19:29:01,1.17.0,baseline,8,3.69,nan,1,RightinTimeout,LeftANDRight,45,250,1,154,0,nan,nan,571,nan
2/21/2025 19:29:01,1.17.0,baseline,8,3.69,nan,1,RightinTimeout,LeftANDRight,45,250,1,154,0,nan,nan,856,nan
2/21/2025 19:29:08,1.17.0,baseline,8,3.69,1,1,Pellet,LeftANDRight,45,250,1,155,0,0.49,3544,nan,15
2/21/2025 19:29:35,1.17.0,baseline,8,3.69,nan,1,Right,LeftANDRight,45,251,1,155,0,nan,nan,144,nan
2/21/2025 19:29:36,1.17.0,baseline,8,3.69,nan,1,RightinTimeout,LeftANDRight,45,252,1,155,0,nan,nan,0,nan
2/21/2025 19:29:36,1.17.0,baseline,8,3.69,nan,1,RightinTimeout,LeftANDRight,45,252,1,155,0,nan,nan,286,nan
2/21/2025 19:29:43,1.17.0,baseline,8,3.69,nan,1,RightinTimeout,LeftANDRight,45,253,1,155,0,nan,nan,0,nan
2/21/2025 19:29:43,1.17.0,baseline,8,3.69,nan,1,RightinTimeout,LeftANDRight,45,253,1,155,0,nan,nan,289,nan
2/21/2025 19:29:51,1.17.0,baseline,8,3.69,1,1,Pellet,LeftANDRight,45,253,1,156,0,0.06,43,nan,15
2/21/2025 19:30:48,1.17.0,baseline,8,3.69,nan,1,Left,LeftANDRight,46,253,1,156,0,nan,nan,238,nan
2/21/2025 19:31:04,1.17.0,baseline,8,3.69,1,1,Pellet,LeftANDRight,46,253,1,157,0,0.06,73,nan,15
2/21/2025 19:31:14,1.17.0,baseline,8,3.69,nan,1,Right,LeftANDRight,46,254,1,157,0,nan,nan,43,nan
2/21/2025 19:31:16,1.17.0,baseline,8,3.69,nan,1,RightinTimeout,LeftANDRight,46,255,1,157,0,nan,nan,0,nan
2/21/2025 19:31:16,1.17.0,baseline,8,3.69,nan,1,RightinTimeout,LeftANDRight,46,255,1,157,0,nan,nan,286,nan
2/21/2025 19:31:17,1.17.0,baseline,8,3.69,nan,1,RightinTimeout,LeftANDRight,46,255,1,157,0,nan,nan,571,nan
2/21/2025 19:31:17,1.17.0,baseline,8,3.69,nan,1,RightinTimeout,LeftANDRight,46,255,1,157,0,nan,nan,856,nan
2/21/2025 19:31:17,1.17.0,baseline,8,3.69,nan,1,RightinTimeout,LeftANDRight,46,255,1,157,0,nan,nan,1141,nan
2/21/2025 19:31:18,1.17.0,baseline,8,3.69,nan,1,RightinTimeout,LeftANDRight,46,256,1,157,0,nan,nan,0,nan
2/21/2025 19:31:18,1.17.0,baseline,8,3.70,nan,1,RightinTimeout,LeftANDRight,46,256,1,157,0,nan,nan,285,nan
2/21/2025 19:31:18,1.17.0,baseline,8,3.69,nan,1,RightinTimeout,LeftANDRight,46,256,1,157,0,nan,nan,570,nan
2/21/2025 19:31:19,1.17.0,baseline,8,3.69,nan,1,RightinTimeout,LeftANDRight,46,256,1,157,0,nan,nan,855,nan
2/21/2025 19:31:19,1.17.0,baseline,8,3.69,nan,1,RightinTimeout,LeftANDRight,46,256,1,157,0,nan,nan,1141,nan
2/21/2025 19:31:19,1.17.0,baseline,8,3.69,nan,1,RightinTimeout,LeftANDRight,46,257,1,157,0,nan,nan,0,nan
2/21/2025 19:31:23,1.17.0,baseline,8,3.69,nan,1,RightinTimeout,LeftANDRight,46,258,1,157,0,nan,nan,0,nan
2/21/2025 19:31:23,1.17.0,baseline,8,3.69,nan,1,RightinTimeout,LeftANDRight,46,258,1,157,0,nan,nan,285,nan
2/21/2025 19:31:24,1.17.0,baseline,8,3.69,nan,1,RightinTimeout,LeftANDRight,46,258,1,157,0,nan,nan,570,nan
2/21/2025 19:31:24,1.17.0,baseline,8,3.69,nan,1,RightinTimeout,LeftANDRight,46,258,1,157,0,nan,nan,859,nan
2/21/2025 19:31:25,1.17.0,baseline,8,3.70,nan,1,RightinTimeout,LeftANDRight,46,259,1,157,0,nan,nan,0,nan
2/21/2025 19:31:25,1.17.0,baseline,8,3.69,nan,1,RightinTimeout,LeftANDRight,46,259,1,157,0,nan,nan,285,nan
2/21/2025 19:31:25,1.17.0,baseline,8,3.69,nan,1,RightinTimeout,LeftANDRight,46,259,1,157,0,nan,nan,570,nan
2/21/2025 19:31:27,1.17.0,baseline,8,3.69,nan,1,RightinTimeout,LeftANDRight,46,260,1,157,0,nan,nan,0,nan
2/21/2025 19:31:28,1.17.0,baseline,8,3.70,nan,1,RightinTimeout,LeftANDRight,46,260,1,157,0,nan,nan,289,nan
2/21/2025 19:31:28,1.17.0,baseline,8,3.69,nan,1,RightinTimeout,LeftANDRight,46,260,1,157,0,nan,nan,574,nan
2/21/2025 19:31:28,1.17.0,baseline,8,3.69,nan,1,RightinTimeout,LeftANDRight,46,260,1,157,0,nan,nan,859,nan
2/21/2025 19:31:30,1.17.0,baseline,8,3.69,nan,1,RightDuringDispense,LeftANDRight,46,261,1,157,0,nan,nan,507,nan
2/21/2025 19:31:33,1.17.0,baseline,8,3.69,2,1,Pellet,LeftANDRight,46,261,1,158,0,0.55,29,nan,15
2/21/2025 19:50:03,1.17.0,baseline,8,3.69,nan,1,Right,LeftANDRight,46,262,1,158,0,nan,nan,36,nan
2/21/2025 19:50:09,1.17.0,baseline,8,3.69,nan,1,RightinTimeout,LeftANDRight,46,263,1,158,0,nan,nan,0,nan
2/21/2025 19:50:09,1.17.0,baseline,8,3.69,nan,1,RightinTimeout,LeftANDRight,46,263,1,158,0,nan,nan,286,nan
2/21/2025 19:50:15,1.17.0,baseline,8,3.69,nan,1,RightinTimeout,LeftANDRight,46,264,1,158,0,nan,nan,0,nan
2/21/2025 19:50:15,1.17.0,baseline,8,3.69,nan,1,RightinTimeout,LeftANDRight,46,264,1,158,0,nan,nan,285,nan
2/21/2025 19:50:16,1.17.0,baseline,8,3.69,nan,1,RightinTimeout,LeftANDRight,46,264,1,158,0,nan,nan,574,nan
2/21/2025 19:50:19,1.17.0,baseline,8,3.67,2,1,Pellet,LeftANDRight,46,264,1,159,0,0.36,1126,nan,15
2/21/2025 19:50:32,1.17.0,baseline,8,3.69,nan,1,Right,LeftANDRight,46,265,1,159,0,nan,nan,158,nan
2/21/2025 19:50:32,1.17.0,baseline,8,3.69,nan,1,RightinTimeout,LeftANDRight,46,266,1,159,0,nan,nan,0,nan
2/21/2025 19:50:34,1.17.0,baseline,8,3.69,nan,1,RightinTimeout,LeftANDRight,46,267,1,159,0,nan,nan,0,nan
2/21/2025 19:50:34,1.17.0,baseline,8,3.69,nan,1,RightinTimeout,LeftANDRight,46,267,1,159,0,nan,nan,289,nan
2/21/2025 19:50:42,1.17.0,baseline,8,3.69,nan,1,RightinTimeout,LeftANDRight,46,268,1,159,0,nan,nan,0,nan
2/21/2025 19:50:42,1.17.0,baseline,8,3.69,nan,1,RightinTimeout,LeftANDRight,46,268,1,159,0,nan,nan,286,nan
2/21/2025 19:50:42,1.17.0,baseline,8,3.69,nan,1,RightinTimeout,LeftANDRight,46,268,1,159,0,nan,nan,571,nan
2/21/2025 19:50:43,1.17.0,baseline,8,3.69,nan,1,RightinTimeout,LeftANDRight,46,268,1,159,0,nan,nan,856,nan
2/21/2025 19:50:48,1.17.0,baseline,8,3.69,1,1,Pellet,LeftANDRight,46,268,1,160,0,0.42,29,nan,15
2/21/2025 19:51:06,1.17.0,baseline,8,3.69,nan,1,Right,LeftANDRight,46,269,1,160,0,nan,nan,123,nan
2/21/2025 19:51:24,1.17.0,baseline,8,3.69,1,1,Pellet,LeftANDRight,46,269,1,161,0,1.65,36,nan,15
2/21/2025 20:17:13,1.17.0,baseline,8,3.69,nan,1,Right,LeftANDRight,46,270,1,161,0,nan,nan,479,nan
2/21/2025 20:17:32,1.17.0,baseline,8,3.69,1,1,Pellet,LeftANDRight,46,270,1,162,0,3.18,1568,nan,15
2/21/2025 20:19:04,1.17.0,baseline,8,3.69,nan,1,Right,LeftANDRight,46,271,1,162,0,nan,nan,598,nan
2/21/2025 20:19:06,1.17.0,baseline,8,3.69,nan,1,RightinTimeout,LeftANDRight,46,272,1,162,0,nan,nan,0,nan
2/21/2025 20:19:06,1.17.0,baseline,8,3.69,nan,1,RightinTimeout,LeftANDRight,46,272,1,162,0,nan,nan,286,nan
2/21/2025 20:19:06,1.17.0,baseline,8,3.69,nan,1,RightinTimeout,LeftANDRight,46,272,1,162,0,nan,nan,571,nan
2/21/2025 20:19:07,1.17.0,baseline,8,3.69,nan,1,RightinTimeout,LeftANDRight,46,273,1,162,0,nan,nan,0,nan
2/21/2025 20:19:07,1.17.0,baseline,8,3.69,nan,1,RightinTimeout,LeftANDRight,46,273,1,162,0,nan,nan,289,nan
2/21/2025 20:19:07,1.17.0,baseline,8,3.69,nan,1,RightinTimeout,LeftANDRight,46,273,1,162,0,nan,nan,574,nan
2/21/2025 20:19:20,1.17.0,baseline,8,3.69,1,1,Pellet,LeftANDRight,46,273,1,163,0,0.30,108,nan,15
2/21/2025 20:19:32,1.17.0,baseline,8,3.69,nan,1,Right,LeftANDRight,46,274,1,163,0,nan,nan,138,nan
2/21/2025 20:19:39,1.17.0,baseline,8,3.69,nan,1,LeftinTimeOut,LeftANDRight,47,274,1,163,0,nan,nan,nan,nan
2/21/2025 20:19:39,1.17.0,baseline,8,3.69,nan,1,LeftinTimeOut,LeftANDRight,47,274,1,163,0,nan,nan,nan,nan
2/21/2025 20:19:48,1.17.0,baseline,8,3.69,1,1,Pellet,LeftANDRight,47,274,1,164,0,0.06,27,nan,15
2/21/2025 20:33:28,1.17.0,baseline,8,3.69,nan,1,Right,LeftANDRight,47,275,1,164,0,nan,nan,58,nan
2/21/2025 20:33:28,1.17.0,baseline,8,3.69,nan,1,RightinTimeout,LeftANDRight,47,276,1,164,0,nan,nan,0,nan
2/21/2025 20:33:35,1.17.0,baseline,8,3.69,nan,1,LeftinTimeOut,LeftANDRight,48,276,1,164,0,nan,nan,nan,nan
2/21/2025 20:33:35,1.17.0,baseline,8,3.69,nan,1,LeftinTimeOut,LeftANDRight,48,276,1,164,0,nan,nan,nan,nan
2/21/2025 20:33:46,1.17.0,baseline,8,3.69,1,1,Pellet,LeftANDRight,48,276,1,165,0,2.20,839,nan,15
2/21/2025 20:37:57,1.17.0,baseline,8,3.69,nan,1,Right,LeftANDRight,48,277,1,165,0,nan,nan,23,nan
2/21/2025 20:38:13,1.17.0,baseline,8,3.69,1,1,Pellet,LeftANDRight,48,277,1,166,0,0.06,267,nan,15
2/21/2025 20:45:09,1.17.0,baseline,8,3.69,nan,1,Right,LeftANDRight,48,278,1,166,0,nan,nan,269,nan
2/21/2025 20:45:11,1.17.0,baseline,8,3.69,nan,1,RightinTimeout,LeftANDRight,48,279,1,166,0,nan,nan,0,nan
2/21/2025 20:45:11,1.17.0,baseline,8,3.69,nan,1,RightinTimeout,LeftANDRight,48,279,1,166,0,nan,nan,285,nan
2/21/2025 20:45:12,1.17.0,baseline,8,3.69,nan,1,RightinTimeout,LeftANDRight,48,279,1,166,0,nan,nan,571,nan
2/21/2025 20:45:13,1.17.0,baseline,8,3.69,nan,1,LeftinTimeOut,LeftANDRight,49,279,1,166,0,nan,nan,nan,nan
2/21/2025 20:45:37,1.17.0,baseline,8,3.69,1,1,Pellet,LeftANDRight,49,279,1,167,0,11.85,444,nan,15
2/21/2025 20:46:06,1.17.0,baseline,8,3.69,nan,1,Left,LeftANDRight,50,279,1,167,0,nan,nan,166,nan
2/21/2025 20:46:30,1.17.0,baseline,8,3.69,1,1,Pellet,LeftANDRight,50,279,1,168,0,8.29,53,nan,15
2/21/2025 20:56:58,1.17.0,baseline,8,3.69,nan,1,Right,LeftANDRight,50,280,1,168,0,nan,nan,292,nan
2/21/2025 20:57:14,1.17.0,baseline,8,3.69,2,1,Pellet,LeftANDRight,50,280,1,169,0,0.06,644,nan,15
2/21/2025 20:58:43,1.17.0,baseline,8,3.69,nan,1,Right,LeftANDRight,50,281,1,169,0,nan,nan,126,nan
2/21/2025 20:59:03,1.17.0,baseline,8,3.69,1,1,Pellet,LeftANDRight,50,281,1,170,0,4.17,109,nan,15
2/21/2025 21:06:20,1.17.0,baseline,8,3.69,nan,1,Right,LeftANDRight,50,282,1,170,0,nan,nan,144,nan
2/21/2025 21:06:37,1.17.0,baseline,8,3.69,1,1,Pellet,LeftANDRight,50,282,1,171,0,1.40,454,nan,15
2/21/2025 21:11:48,1.17.0,baseline,8,3.69,nan,1,Right,LeftANDRight,50,283,1,171,0,nan,nan,95,nan
2/21/2025 21:11:50,1.17.0,baseline,8,3.69,nan,1,LeftinTimeOut,LeftANDRight,51,283,1,171,0,nan,nan,nan,nan
2/21/2025 21:12:04,1.17.0,baseline,8,3.69,1,1,Pellet,LeftANDRight,51,283,1,172,0,0.61,327,nan,15
2/21/2025 21:24:09,1.17.0,baseline,8,3.69,nan,1,Left,LeftANDRight,52,283,1,172,0,nan,nan,51,nan
2/21/2025 21:24:14,1.17.0,baseline,8,3.69,nan,1,RightinTimeout,LeftANDRight,52,284,1,172,0,nan,nan,0,nan
2/21/2025 21:24:15,1.17.0,baseline,8,3.69,nan,1,RightinTimeout,LeftANDRight,52,285,1,172,0,nan,nan,0,nan
2/21/2025 21:24:15,1.17.0,baseline,8,3.69,nan,1,RightinTimeout,LeftANDRight,52,285,1,172,0,nan,nan,285,nan
2/21/2025 21:24:25,1.17.0,baseline,8,3.69,1,1,Pellet,LeftANDRight,52,285,1,173,0,0.06,741,nan,15
2/21/2025 21:24:37,1.17.0,baseline,8,3.69,nan,1,Right,LeftANDRight,52,286,1,173,0,nan,nan,52,nan
2/21/2025 21:24:53,1.17.0,baseline,8,3.69,1,1,Pellet,LeftANDRight,52,286,1,174,0,0.06,28,nan,15
2/21/2025 21:29:02,1.17.0,baseline,8,3.69,nan,1,Left,LeftANDRight,53,286,1,174,0,nan,nan,32,nan
2/21/2025 21:29:22,1.17.0,baseline,8,3.69,1,1,Pellet,LeftANDRight,53,286,1,175,0,4.84,269,nan,15
2/21/2025 21:36:33,1.17.0,baseline,8,3.69,nan,1,Right,LeftANDRight,53,287,1,175,0,nan,nan,77,nan
2/21/2025 21:36:33,1.17.0,baseline,8,3.69,nan,1,RightinTimeout,LeftANDRight,53,288,1,175,0,nan,nan,0,nan
2/21/2025 21:36:49,1.17.0,baseline,8,3.69,1,1,Pellet,LeftANDRight,53,288,1,176,0,0.36,447,nan,15
2/21/2025 21:43:03,1.17.0,baseline,8,3.69,nan,1,Right,LeftANDRight,53,289,1,176,0,nan,nan,331,nan
2/21/2025 21:43:20,1.17.0,baseline,8,3.69,1,1,Pellet,LeftANDRight,53,289,1,177,0,0.97,391,nan,15
2/21/2025 21:45:40,1.17.0,baseline,8,3.69,nan,1,Right,LeftANDRight,53,290,1,177,0,nan,nan,167,nan
2/21/2025 21:45:56,1.17.0,baseline,8,3.69,1,1,Pellet,LeftANDRight,53,290,1,178,0,0.06,156,nan,15
2/21/2025 21:51:57,1.17.0,baseline,8,3.69,nan,1,Right,LeftANDRight,53,291,1,178,0,nan,nan,105,nan
2/21/2025 21:52:16,1.17.0,baseline,8,3.69,1,1,Pellet,LeftANDRight,53,291,1,179,0,3.55,380,nan,15
2/21/2025 21:55:27,1.17.0,baseline,8,3.69,nan,1,Left,LeftANDRight,54,291,1,179,0,nan,nan,161,nan
2/21/2025 21:55:44,1.17.0,baseline,8,3.69,1,1,Pellet,LeftANDRight,54,291,1,180,0,0.48,208,nan,15
2/21/2025 21:55:52,1.17.0,baseline,8,3.69,nan,1,Right,LeftANDRight,54,292,1,180,0,nan,nan,252,nan
2/21/2025 21:55:54,1.17.0,baseline,8,3.69,nan,1,RightinTimeout,LeftANDRight,54,293,1,180,0,nan,nan,0,nan
2/21/2025 21:56:08,1.17.0,baseline,8,3.68,1,1,Pellet,LeftANDRight,54,293,1,181,0,0.06,24,nan,15
2/21/2025 22:03:46,1.17.0,baseline,8,3.69,nan,1,Right,LeftANDRight,54,294,1,181,0,nan,nan,88,nan
2/21/2025 22:04:07,1.17.0,baseline,8,3.69,1,1,Pellet,LeftANDRight,54,294,1,182,0,5.09,479,nan,15
2/21/2025 22:06:28,1.17.0,baseline,8,3.69,nan,1,Right,LeftANDRight,54,295,1,182,0,nan,nan,79,nan
2/21/2025 22:06:44,1.17.0,baseline,8,3.69,1,1,Pellet,LeftANDRight,54,295,1,183,0,0.49,157,nan,15
2/21/2025 22:06:54,1.17.0,baseline,8,3.69,nan,1,Right,LeftANDRight,54,296,1,183,0,nan,nan,342,nan
2/21/2025 22:06:56,1.17.0,baseline,8,3.69,nan,1,RightinTimeout,LeftANDRight,54,297,1,183,0,nan,nan,0,nan
2/21/2025 22:07:07,1.17.0,baseline,8,3.69,nan,1,RightinTimeout,LeftANDRight,54,298,1,183,0,nan,nan,0,nan
2/21/2025 22:07:10,1.17.0,baseline,8,3.69,1,1,Pellet,LeftANDRight,54,298,1,184,0,0.06,26,nan,15
2/21/2025 22:07:32,1.17.0,baseline,8,3.69,nan,1,Left,LeftANDRight,55,298,1,184,0,nan,nan,95,nan
2/21/2025 22:07:48,1.17.0,baseline,8,3.69,1,1,Pellet,LeftANDRight,55,298,1,185,0,0.06,38,nan,15
2/21/2025 22:22:06,1.17.0,baseline,8,3.69,nan,1,Right,LeftANDRight,55,299,1,185,0,nan,nan,50,nan
2/21/2025 22:23:03,1.17.0,baseline,8,3.68,2,1,Pellet,LeftANDRight,55,299,1,186,0,39.47,915,nan,15
2/21/2025 22:28:12,1.17.0,baseline,8,3.69,nan,1,Right,LeftANDRight,55,300,1,186,0,nan,nan,25,nan
2/21/2025 22:28:12,1.17.0,baseline,8,3.69,nan,1,RightinTimeout,LeftANDRight,55,301,1,186,0,nan,nan,0,nan
2/21/2025 22:28:28,1.17.0,baseline,8,3.69,2,1,Pellet,LeftANDRight,55,301,1,187,0,0.06,325,nan,15
2/21/2025 22:32:44,1.17.0,baseline,8,3.69,nan,1,Right,LeftANDRight,55,302,1,187,0,nan,nan,21,nan
2/21/2025 22:33:12,1.17.0,baseline,8,3.69,6,1,Pellet,LeftANDRight,55,302,1,188,0,1.28,284,nan,15
2/21/2025 22:40:03,1.17.0,baseline,8,3.69,nan,1,Right,LeftANDRight,55,303,1,188,0,nan,nan,81,nan
2/21/2025 22:40:20,1.17.0,baseline,8,3.68,2,1,Pellet,LeftANDRight,55,303,1,189,0,1.40,428,nan,15
2/21/2025 22:50:17,1.17.0,baseline,8,3.69,nan,1,Left,LeftANDRight,56,303,1,189,0,nan,nan,133,nan
2/21/2025 22:50:34,1.17.0,baseline,8,3.69,2,1,Pellet,LeftANDRight,56,303,1,190,0,0.67,614,nan,15
2/21/2025 22:55:41,1.17.0,baseline,8,3.69,nan,1,Right,LeftANDRight,56,304,1,190,0,nan,nan,113,nan
2/21/2025 22:55:57,1.17.0,baseline,8,3.68,1,1,Pellet,LeftANDRight,56,304,1,191,0,0.06,323,nan,15
2/21/2025 22:56:06,1.17.0,baseline,8,3.67,nan,1,Right,LeftANDRight,56,305,1,191,0,nan,nan,349,nan
2/21/2025 22:56:08,1.17.0,baseline,8,3.68,nan,1,RightinTimeout,LeftANDRight,56,306,1,191,0,nan,nan,0,nan
2/21/2025 22:56:08,1.17.0,baseline,8,3.69,nan,1,RightinTimeout,LeftANDRight,56,306,1,191,0,nan,nan,286,nan
2/21/2025 22:56:30,1.17.0,baseline,8,3.68,2,1,Pellet,LeftANDRight,56,306,1,192,0,5.77,33,nan,15
2/21/2025 23:01:58,1.17.0,baseline,8,3.68,nan,1,Right,LeftANDRight,56,307,1,192,0,nan,nan,601,nan
2/21/2025 23:02:14,1.17.0,baseline,8,3.67,1,1,Pellet,LeftANDRight,56,307,1,193,0,0.06,344,nan,15
2/21/2025 23:11:40,1.17.0,baseline,8,3.69,nan,1,Right,LeftANDRight,56,308,1,193,0,nan,nan,246,nan
2/21/2025 23:11:50,1.17.0,baseline,8,3.69,nan,1,LeftinTimeOut,LeftANDRight,57,308,1,193,0,nan,nan,nan,nan
2/21/2025 23:11:56,1.17.0,baseline,8,3.68,1,1,Pellet,LeftANDRight,57,308,1,194,0,0.06,582,nan,15
2/21/2025 23:14:35,1.17.0,baseline,8,3.69,nan,1,Right,LeftANDRight,57,309,1,194,0,nan,nan,31,nan
2/21/2025 23:14:51,1.17.0,baseline,8,3.68,1,1,Pellet,LeftANDRight,57,309,1,195,0,0.24,175,nan,15
2/21/2025 23:19:22,1.17.0,baseline,8,3.69,nan,1,Right,LeftANDRight,57,310,1,195,0,nan,nan,279,nan
2/21/2025 23:19:38,1.17.0,baseline,8,3.68,1,1,Pellet,LeftANDRight,57,310,1,196,0,0.06,287,nan,15
2/21/2025 23:25:17,1.17.0,baseline,8,3.68,nan,1,Right,LeftANDRight,57,311,1,196,0,nan,nan,306,nan
2/21/2025 23:25:34,1.17.0,baseline,8,3.68,1,1,Pellet,LeftANDRight,57,311,1,197,0,1.83,356,nan,15
2/21/2025 23:29:01,1.17.0,baseline,8,3.69,nan,1,Right,LeftANDRight,57,312,1,197,0,nan,nan,38,nan
2/21/2025 23:29:02,1.17.0,baseline,8,3.69,nan,1,RightinTimeout,LeftANDRight,57,313,1,197,0,nan,nan,0,nan
2/21/2025 23:29:10,1.17.0,baseline,8,3.68,nan,1,RightinTimeout,LeftANDRight,57,314,1,197,0,nan,nan,0,nan
2/21/2025 23:29:17,1.17.0,baseline,8,3.67,1,1,Pellet,LeftANDRight,57,314,1,198,0,0.91,223,nan,15
2/21/2025 23:37:53,1.17.0,baseline,8,3.68,nan,1,Right,LeftANDRight,57,315,1,198,0,nan,nan,339,nan
2/21/2025 23:38:08,1.17.0,baseline,8,3.69,nan,1,RightinTimeout,LeftANDRight,57,316,1,198,0,nan,nan,0,nan
2/21/2025 23:38:08,1.17.0,baseline,8,3.68,nan,1,RightinTimeout,LeftANDRight,57,316,1,198,0,nan,nan,286,nan
2/21/2025 23:38:11,1.17.0,baseline,8,3.69,1,1,Pellet,LeftANDRight,57,316,1,199,0,2.14,534,nan,15
2/21/2025 23:38:29,1.17.0,baseline,8,3.68,nan,1,Right,LeftANDRight,57,317,1,199,0,nan,nan,90,nan
2/21/2025 23:38:31,1.17.0,baseline,8,3.68,nan,1,RightinTimeout,LeftANDRight,57,318,1,199,0,nan,nan,0,nan
2/21/2025 23:38:45,1.17.0,baseline,8,3.68,1,1,Pellet,LeftANDRight,57,318,1,200,0,0.06,34,nan,15
2/21/2025 23:46:42,1.17.0,baseline,8,3.69,nan,1,Left,LeftANDRight,58,318,1,200,0,nan,nan,154,nan
2/21/2025 23:46:58,1.17.0,baseline,8,3.68,1,1,Pellet,LeftANDRight,58,318,1,201,0,0.06,493,nan,15
2/21/2025 23:52:07,1.17.0,baseline,8,3.69,nan,1,Right,LeftANDRight,58,319,1,201,0,nan,nan,88,nan
2/21/2025 23:52:24,1.17.0,baseline,8,3.68,1,1,Pellet,LeftANDRight,58,319,1,202,0,1.96,326,nan,15
2/21/2025 23:58:33,1.17.0,baseline,8,3.67,nan,1,Right,LeftANDRight,58,320,1,202,0,nan,nan,121,nan
2/21/2025 23:58:51,1.17.0,baseline,8,3.68,2,1,Pellet,LeftANDRight,58,320,1,203,0,0.61,387,nan,15
2/22/2025 0:01:21,1.17.0,baseline,8,3.69,nan,1,Right,LeftANDRight,58,321,1,203,0,nan,nan,291,nan
2/22/2025 0:01:44,1.17.0,baseline,8,3.69,1,1,Pellet,LeftANDRight,58,321,1,204,0,7.37,173,nan,15
2/22/2025 0:05:47,1.17.0,baseline,8,3.68,nan,1,Right,LeftANDRight,58,322,1,204,0,nan,nan,413,nan
2/22/2025 0:06:04,1.17.0,baseline,8,3.68,1,1,Pellet,LeftANDRight,58,322,1,205,0,0.55,260,nan,15
2/22/2025 0:11:59,1.17.0,baseline,8,3.68,nan,1,Left,LeftANDRight,59,322,1,205,0,nan,nan,214,nan
2/22/2025 0:12:17,1.17.0,baseline,8,3.69,2,1,Pellet,LeftANDRight,59,322,1,206,0,0.30,373,nan,15
2/22/2025 0:12:25,1.17.0,baseline,8,3.69,nan,1,Right,LeftANDRight,59,323,1,206,0,nan,nan,212,nan
2/22/2025 0:12:44,1.17.0,baseline,8,3.68,1,1,Pellet,LeftANDRight,59,323,1,207,0,2.45,27,nan,15
2/22/2025 0:16:59,1.17.0,baseline,8,3.67,nan,1,Right,LeftANDRight,59,324,1,207,0,nan,nan,319,nan
2/22/2025 0:17:05,1.17.0,baseline,8,3.68,nan,1,RightinTimeout,LeftANDRight,59,325,1,207,0,nan,nan,0,nan
2/22/2025 0:17:17,1.17.0,baseline,8,3.69,2,1,Pellet,LeftANDRight,59,325,1,208,0,1.90,273,nan,15
2/22/2025 0:23:57,1.17.0,baseline,8,3.68,nan,1,Right,LeftANDRight,59,326,1,208,0,nan,nan,367,nan
2/22/2025 0:23:58,1.17.0,baseline,8,3.69,nan,1,RightinTimeout,LeftANDRight,59,327,1,208,0,nan,nan,0,nan
2/22/2025 0:24:13,1.17.0,baseline,8,3.69,1,1,Pellet,LeftANDRight,59,327,1,209,0,0.06,416,nan,15
2/22/2025 0:31:15,1.17.0,baseline,8,3.68,nan,1,Left,LeftANDRight,60,327,1,209,0,nan,nan,234,nan
2/22/2025 0:31:17,1.17.0,baseline,8,3.68,nan,1,LeftinTimeOut,LeftANDRight,61,327,1,209,0,nan,nan,nan,nan
2/22/2025 0:31:34,1.17.0,baseline,8,3.67,2,1,Pellet,LeftANDRight,61,327,1,210,0,1.16,441,nan,15
2/22/2025 0:41:19,1.17.0,baseline,8,3.68,nan,1,Right,LeftANDRight,61,328,1,210,0,nan,nan,92,nan
2/22/2025 0:41:35,1.17.0,baseline,8,3.68,1,1,Pellet,LeftANDRight,61,328,1,211,0,0.55,601,nan,15
2/22/2025 0:41:44,1.17.0,baseline,8,3.67,nan,1,Right,LeftANDRight,61,329,1,211,0,nan,nan,327,nan
2/22/2025 0:43:06,1.17.0,baseline,8,3.68,1,1,Pellet,LeftANDRight,61,329,1,212,0,66.94,91,nan,15
2/22/2025 0:52:14,1.17.0,baseline,8,3.68,nan,1,Right,LeftANDRight,61,330,1,212,0,nan,nan,197,nan
2/22/2025 0:52:32,1.17.0,baseline,8,3.68,1,1,Pellet,LeftANDRight,61,330,1,213,0,1.65,566,nan,15
2/22/2025 0:56:03,1.17.0,baseline,8,3.68,nan,1,Right,LeftANDRight,61,331,1,213,0,nan,nan,165,nan
2/22/2025 0:56:10,1.17.0,baseline,8,3.68,nan,1,RightinTimeout,LeftANDRight,61,332,1,213,0,nan,nan,0,nan
2/22/2025 0:56:19,1.17.0,baseline,8,3.68,1,1,Pellet,LeftANDRight,61,332,1,214,0,0.85,227,nan,15
2/22/2025 1:02:15,1.17.0,baseline,8,3.69,nan,1,Right,LeftANDRight,61,333,1,214,0,nan,nan,31,nan
2/22/2025 1:02:32,1.17.0,baseline,8,3.68,1,1,Pellet,LeftANDRight,61,333,1,215,0,1.53,373,nan,15
2/22/2025 1:11:50,1.17.0,baseline,8,3.68,nan,1,Right,LeftANDRight,61,334,1,215,0,nan,nan,251,nan
2/22/2025 1:12:06,1.17.0,baseline,8,3.68,1,1,Pellet,LeftANDRight,61,334,1,216,0,0.85,574,nan,15
2/22/2025 1:13:42,1.17.0,baseline,8,3.68,nan,1,Right,LeftANDRight,61,335,1,216,0,nan,nan,66,nan
2/22/2025 1:13:58,1.17.0,baseline,8,3.68,1,1,Pellet,LeftANDRight,61,335,1,217,0,0.06,112,nan,15
2/22/2025 1:17:37,1.17.0,baseline,8,3.68,nan,1,Right,LeftANDRight,61,336,1,217,0,nan,nan,100,nan
2/22/2025 1:17:46,1.17.0,baseline,8,3.68,nan,1,LeftinTimeOut,LeftANDRight,62,336,1,217,0,nan,nan,nan,nan
2/22/2025 1:17:54,1.17.0,baseline,8,3.69,2,1,Pellet,LeftANDRight,62,336,1,218,0,0.30,236,nan,15
2/22/2025 1:17:59,1.17.0,baseline,8,3.67,nan,1,Right,LeftANDRight,62,337,1,218,0,nan,nan,102,nan
2/22/2025 1:18:00,1.17.0,baseline,8,3.68,nan,1,RightinTimeout,LeftANDRight,62,338,1,218,0,nan,nan,0,nan
2/22/2025 1:18:00,1.17.0,baseline,8,3.69,nan,1,RightinTimeout,LeftANDRight,62,338,1,218,0,nan,nan,285,nan
2/22/2025 1:18:19,1.17.0,baseline,8,3.68,1,1,Pellet,LeftANDRight,62,338,1,219,0,4.17,25,nan,15
2/22/2025 1:24:56,1.17.0,baseline,8,3.68,nan,1,Left,LeftANDRight,63,338,1,219,0,nan,nan,20,nan
2/22/2025 1:25:14,1.17.0,baseline,8,3.68,1,1,Pellet,LeftANDRight,63,338,1,220,0,1.53,415,nan,15
2/22/2025 1:25:25,1.17.0,baseline,8,3.68,nan,1,Right,LeftANDRight,63,339,1,220,0,nan,nan,248,nan
2/22/2025 1:25:42,1.17.0,baseline,8,3.67,1,1,Pellet,LeftANDRight,63,339,1,221,0,1.04,28,nan,15
2/22/2025 1:26:08,1.17.0,baseline,8,3.68,nan,1,Right,LeftANDRight,63,340,1,221,0,nan,nan,56,nan
2/22/2025 1:26:25,1.17.0,baseline,8,3.68,1,1,Pellet,LeftANDRight,63,340,1,222,0,1.03,43,nan,15
2/22/2025 1:31:59,1.17.0,baseline,8,3.68,nan,1,Right,LeftANDRight,63,341,1,222,0,nan,nan,181,nan
2/22/2025 1:32:17,1.17.0,baseline,8,3.68,1,1,Pellet,LeftANDRight,63,341,1,223,0,1.40,352,nan,15
2/22/2025 1:40:08,1.17.0,baseline,8,3.67,nan,1,Left,LeftANDRight,64,341,1,223,0,nan,nan,117,nan
2/22/2025 1:40:23,1.17.0,baseline,8,3.68,nan,1,RightinTimeout,LeftANDRight,64,342,1,223,0,nan,nan,0,nan
2/22/2025 1:40:24,1.17.0,baseline,8,3.67,1,1,Pellet,LeftANDRight,64,342,1,224,0,0.30,487,nan,15
2/22/2025 1:40:33,1.17.0,baseline,8,3.68,nan,1,Right,LeftANDRight,64,343,1,224,0,nan,nan,17,nan
2/22/2025 1:40:34,1.17.0,baseline,8,3.68,nan,1,RightinTimeout,LeftANDRight,64,344,1,224,0,nan,nan,0,nan
2/22/2025 1:40:34,1.17.0,baseline,8,3.68,nan,1,RightinTimeout,LeftANDRight,64,344,1,224,0,nan,nan,285,nan
2/22/2025 1:40:50,1.17.0,baseline,8,3.68,2,1,Pellet,LeftANDRight,64,344,1,225,0,0.55,26,nan,15
2/22/2025 1:46:22,1.17.0,baseline,8,3.68,nan,1,Right,LeftANDRight,64,345,1,225,0,nan,nan,76,nan
2/22/2025 1:46:46,1.17.0,baseline,8,3.68,1,1,Pellet,LeftANDRight,64,345,1,226,0,8.35,356,nan,15
2/22/2025 1:50:50,1.17.0,baseline,8,3.68,nan,1,Right,LeftANDRight,64,346,1,226,0,nan,nan,167,nan
2/22/2025 1:51:08,1.17.0,baseline,8,3.68,1,1,Pellet,LeftANDRight,64,346,1,227,0,2.45,262,nan,15
2/22/2025 1:58:10,1.17.0,baseline,8,3.68,nan,1,Right,LeftANDRight,64,347,1,227,0,nan,nan,82,nan
2/22/2025 1:58:11,1.17.0,baseline,8,3.67,nan,1,RightinTimeout,LeftANDRight,64,348,1,227,0,nan,nan,0,nan
2/22/2025 1:58:13,1.17.0,baseline,8,3.68,nan,1,RightinTimeout,LeftANDRight,64,349,1,227,0,nan,nan,0,nan
2/22/2025 1:58:13,1.17.0,baseline,8,3.68,nan,1,RightinTimeout,LeftANDRight,64,349,1,227,0,nan,nan,286,nan
2/22/2025 1:58:27,1.17.0,baseline,8,3.68,1,1,Pellet,LeftANDRight,64,349,1,228,0,0.61,439,nan,15
2/22/2025 1:58:40,1.17.0,baseline,8,3.68,nan,1,Right,LeftANDRight,64,350,1,228,0,nan,nan,60,nan
2/22/2025 1:58:40,1.17.0,baseline,8,3.68,nan,1,RightinTimeout,LeftANDRight,64,351,1,228,0,nan,nan,0,nan
2/22/2025 1:58:57,1.17.0,baseline,8,3.68,1,1,Pellet,LeftANDRight,64,351,1,229,0,1.59,30,nan,15
2/22/2025 2:09:07,1.17.0,baseline,8,3.67,nan,1,Right,LeftANDRight,64,352,1,229,0,nan,nan,102,nan
2/22/2025 2:09:24,1.17.0,baseline,8,3.68,1,1,Pellet,LeftANDRight,64,352,1,230,0,1.40,627,nan,15
2/22/2025 2:14:36,1.17.0,baseline,8,3.68,nan,1,Right,LeftANDRight,64,353,1,230,0,nan,nan,530,nan
2/22/2025 2:14:52,1.17.0,baseline,8,3.68,2,1,Pellet,LeftANDRight,64,353,1,231,0,0.06,328,nan,15
2/22/2025 2:15:01,1.17.0,baseline,8,3.68,nan,1,Left,LeftANDRight,65,353,1,231,0,nan,nan,133,nan
2/22/2025 2:15:08,1.17.0,baseline,8,3.68,nan,1,RightinTimeout,LeftANDRight,65,354,1,231,0,nan,nan,0,nan
2/22/2025 2:15:09,1.17.0,baseline,8,3.68,nan,1,RightinTimeout,LeftANDRight,65,354,1,231,0,nan,nan,286,nan
2/22/2025 2:15:15,1.17.0,baseline,8,3.68,nan,1,RightinTimeout,LeftANDRight,65,355,1,231,0,nan,nan,0,nan
2/22/2025 2:15:15,1.17.0,baseline,8,3.68,nan,1,RightinTimeout,LeftANDRight,65,355,1,231,0,nan,nan,286,nan
2/22/2025 2:15:15,1.17.0,baseline,8,3.68,nan,1,RightinTimeout,LeftANDRight,65,355,1,231,0,nan,nan,575,nan
2/22/2025 2:15:17,1.17.0,baseline,8,3.68,1,1,Pellet,LeftANDRight,65,355,1,232,0,0.06,25,nan,15
2/22/2025 2:15:27,1.17.0,baseline,8,3.68,nan,1,Right,LeftANDRight,65,356,1,232,0,nan,nan,780,nan
2/22/2025 2:15:43,1.17.0,baseline,8,3.67,1,1,Pellet,LeftANDRight,65,356,1,233,0,0.06,26,nan,15
2/22/2025 2:28:57,1.17.0,baseline,8,3.68,nan,1,Right,LeftANDRight,65,357,1,233,0,nan,nan,89,nan
2/22/2025 2:29:15,1.17.0,baseline,8,3.67,1,1,Pellet,LeftANDRight,65,357,1,234,0,1.53,812,nan,15
2/22/2025 2:32:51,1.17.0,baseline,8,3.68,nan,1,Right,LeftANDRight,65,358,1,234,0,nan,nan,76,nan
2/22/2025 2:33:10,1.17.0,baseline,8,3.68,1,1,Pellet,LeftANDRight,65,358,1,235,0,2.82,235,nan,15
2/22/2025 2:36:17,1.17.0,baseline,8,3.68,nan,1,Right,LeftANDRight,65,359,1,235,0,nan,nan,190,nan
2/22/2025 2:36:18,1.17.0,baseline,8,3.68,nan,1,RightinTimeout,LeftANDRight,65,360,1,235,0,nan,nan,0,nan
2/22/2025 2:36:34,1.17.0,baseline,8,3.67,1,1,Pellet,LeftANDRight,65,360,1,236,0,1.10,204,nan,15
2/22/2025 3:50:26,1.17.0,baseline,8,3.67,nan,1,Right,LeftANDRight,65,361,1,236,0,nan,nan,144,nan
2/22/2025 3:50:26,1.17.0,baseline,8,3.68,nan,1,RightinTimeout,LeftANDRight,65,362,1,236,0,nan,nan,0,nan
2/22/2025 3:50:44,1.17.0,baseline,8,3.67,3,1,Pellet,LeftANDRight,65,362,1,237,0,0.06,4450,nan,15
2/22/2025 3:52:51,1.17.0,baseline,8,3.67,nan,1,Right,LeftANDRight,65,363,1,237,0,nan,nan,304,nan
2/22/2025 3:53:08,1.17.0,baseline,8,3.67,2,1,Pellet,LeftANDRight,65,363,1,238,0,0.61,144,nan,15
2/22/2025 3:54:05,1.17.0,baseline,8,3.67,nan,1,Right,LeftANDRight,65,364,1,238,0,nan,nan,43,nan
2/22/2025 3:54:07,1.17.0,baseline,8,3.67,nan,1,RightinTimeout,LeftANDRight,65,365,1,238,0,nan,nan,0,nan
2/22/2025 3:54:07,1.17.0,baseline,8,3.68,nan,1,RightinTimeout,LeftANDRight,65,365,1,238,0,nan,nan,285,nan
2/22/2025 3:54:13,1.17.0,baseline,8,3.67,nan,1,LeftinTimeOut,LeftANDRight,66,365,1,238,0,nan,nan,nan,nan
2/22/2025 3:54:14,1.17.0,baseline,8,3.67,nan,1,LeftinTimeOut,LeftANDRight,66,365,1,238,0,nan,nan,nan,nan
2/22/2025 3:54:22,1.17.0,baseline,8,3.68,2,1,Pellet,LeftANDRight,66,365,1,239,0,0.06,74,nan,15
2/22/2025 3:58:51,1.17.0,baseline,8,3.67,nan,1,Right,LeftANDRight,66,366,1,239,0,nan,nan,581,nan
2/22/2025 3:59:14,1.17.0,baseline,8,3.67,3,1,Pellet,LeftANDRight,66,366,1,240,0,4.60,292,nan,15
2/22/2025 4:05:08,1.17.0,baseline,8,3.67,nan,1,Left,LeftANDRight,67,366,1,240,0,nan,nan,0,nan
2/22/2025 4:05:36,1.17.0,baseline,8,3.67,2,1,Pellet,LeftANDRight,67,366,1,241,0,9.34,382,nan,15
2/22/2025 4:58:37,1.17.0,baseline,8,3.67,nan,1,Right,LeftANDRight,67,367,1,241,0,nan,nan,429,nan
2/22/2025 4:58:38,1.17.0,baseline,8,3.67,nan,1,RightinTimeout,LeftANDRight,67,368,1,241,0,nan,nan,0,nan
2/22/2025 4:58:38,1.17.0,baseline,8,3.67,nan,1,RightinTimeout,LeftANDRight,67,368,1,241,0,nan,nan,286,nan
2/22/2025 4:58:53,1.17.0,baseline,8,3.67,1,1,Pellet,LeftANDRight,67,368,1,242,0,0.49,3197,nan,15
2/22/2025 4:59:37,1.17.0,baseline,8,3.67,nan,1,Right,LeftANDRight,67,369,1,242,0,nan,nan,104,nan
2/22/2025 4:59:55,1.17.0,baseline,8,3.67,1,1,Pellet,LeftANDRight,67,369,1,243,0,1.34,62,nan,15
2/22/2025 5:00:09,1.17.0,baseline,8,3.67,nan,1,Left,LeftANDRight,68,369,1,243,0,nan,nan,246,nan
2/22/2025 5:00:25,1.17.0,baseline,8,3.67,1,1,Pellet,LeftANDRight,68,369,1,244,0,0.06,30,nan,15
2/22/2025 5:00:38,1.17.0,baseline,8,3.67,nan,1,Right,LeftANDRight,68,370,1,244,0,nan,nan,84,nan
2/22/2025 5:00:44,1.17.0,baseline,8,3.67,nan,1,RightinTimeout,LeftANDRight,68,371,1,244,0,nan,nan,0,nan
2/22/2025 5:00:44,1.17.0,baseline,8,3.67,nan,1,RightinTimeout,LeftANDRight,68,371,1,244,0,nan,nan,289,nan
2/22/2025 5:00:49,1.17.0,baseline,8,3.67,nan,1,RightinTimeout,LeftANDRight,68,372,1,244,0,nan,nan,0,nan
2/22/2025 5:00:49,1.17.0,baseline,8,3.67,nan,1,RightinTimeout,LeftANDRight,68,372,1,244,0,nan,nan,285,nan
2/22/2025 5:00:54,1.17.0,baseline,8,3.67,1,1,Pellet,LeftANDRight,68,372,1,245,0,0.06,29,nan,15
2/22/2025 5:13:17,1.17.0,baseline,8,3.67,nan,1,Right,LeftANDRight,68,373,1,245,0,nan,nan,671,nan
2/22/2025 5:13:19,1.17.0,baseline,8,3.67,nan,1,RightinTimeout,LeftANDRight,68,374,1,245,0,nan,nan,0,nan
2/22/2025 5:13:33,1.17.0,baseline,8,3.67,1,1,Pellet,LeftANDRight,68,374,1,246,0,0.06,759,nan,15
2/22/2025 5:13:46,1.17.0,baseline,8,3.67,nan,1,Right,LeftANDRight,68,375,1,246,0,nan,nan,304,nan
2/22/2025 5:13:46,1.17.0,baseline,8,3.67,nan,1,RightinTimeout,LeftANDRight,68,376,1,246,0,nan,nan,0,nan
2/22/2025 5:13:47,1.17.0,baseline,8,3.67,nan,1,RightinTimeout,LeftANDRight,68,376,1,246,0,nan,nan,286,nan
2/22/2025 5:14:02,1.17.0,baseline,8,3.67,1,1,Pellet,LeftANDRight,68,376,1,247,0,0.85,29,nan,15
2/22/2025 5:23:48,1.17.0,baseline,8,3.67,nan,1,Right,LeftANDRight,68,377,1,247,0,nan,nan,79,nan
2/22/2025 5:24:04,1.17.0,baseline,8,3.67,1,1,Pellet,LeftANDRight,68,377,1,248,0,0.06,602,nan,15
2/22/2025 5:24:21,1.17.0,baseline,8,3.67,nan,1,Right,LeftANDRight,68,378,1,248,0,nan,nan,241,nan
2/22/2025 5:24:23,1.17.0,baseline,8,3.67,nan,1,RightinTimeout,LeftANDRight,68,379,1,248,0,nan,nan,0,nan
2/22/2025 5:24:37,1.17.0,baseline,8,3.67,1,1,Pellet,LeftANDRight,68,379,1,249,0,0.06,33,nan,15
2/22/2025 7:34:23,1.17.0,baseline,8,3.67,nan,1,Right,LeftANDRight,68,380,1,249,0,nan,nan,348,nan
2/22/2025 7:34:24,1.17.0,baseline,8,3.67,nan,1,RightinTimeout,LeftANDRight,68,381,1,249,0,nan,nan,0,nan
2/22/2025 7:34:24,1.17.0,baseline,8,3.67,nan,1,RightinTimeout,LeftANDRight,68,381,1,249,0,nan,nan,286,nan
2/22/2025 7:34:25,1.17.0,baseline,8,3.67,nan,1,RightinTimeout,LeftANDRight,68,382,1,249,0,nan,nan,0,nan
2/22/2025 7:34:25,1.17.0,baseline,8,3.67,nan,1,RightinTimeout,LeftANDRight,68,382,1,249,0,nan,nan,289,nan
2/22/2025 7:34:32,1.17.0,baseline,8,3.67,nan,1,RightinTimeout,LeftANDRight,68,383,1,249,0,nan,nan,0,nan
2/22/2025 7:34:33,1.17.0,baseline,8,3.67,nan,1,RightinTimeout,LeftANDRight,68,384,1,249,0,nan,nan,0,nan
2/22/2025 7:34:39,1.17.0,baseline,8,3.67,1,1,Pellet,LeftANDRight,68,384,1,250,0,0.06,7802,nan,15
2/22/2025 7:36:54,1.17.0,baseline,8,3.67,nan,1,Right,LeftANDRight,68,385,1,250,0,nan,nan,70,nan
2/22/2025 7:36:55,1.17.0,baseline,8,3.67,nan,1,RightinTimeout,LeftANDRight,68,386,1,250,0,nan,nan,0,nan
2/22/2025 7:37:08,1.17.0,baseline,8,3.67,nan,1,LeftinTimeOut,LeftANDRight,69,386,1,250,0,nan,nan,nan,nan
2/22/2025 7:37:12,1.17.0,baseline,8,3.67,1,1,Pellet,LeftANDRight,69,386,1,251,0,1.47,153,nan,15
2/22/2025 7:39:07,1.17.0,baseline,8,3.67,nan,1,Right,LeftANDRight,69,387,1,251,0,nan,nan,0,nan
2/22/2025 7:39:23,1.17.0,baseline,8,3.67,1,1,Pellet,LeftANDRight,69,387,1,252,0,0.36,131,nan,15
2/22/2025 7:39:39,1.17.0,baseline,8,3.65,nan,1,Right,LeftANDRight,69,388,1,252,0,nan,nan,105,nan
2/22/2025 7:39:43,1.17.0,baseline,8,3.67,nan,1,RightinTimeout,LeftANDRight,69,389,1,252,0,nan,nan,0,nan
2/22/2025 7:39:44,1.17.0,baseline,8,3.67,nan,1,RightinTimeout,LeftANDRight,69,389,1,252,0,nan,nan,286,nan
2/22/2025 7:39:46,1.17.0,baseline,8,3.67,nan,1,RightinTimeout,LeftANDRight,69,390,1,252,0,nan,nan,0,nan
2/22/2025 7:39:46,1.17.0,baseline,8,3.67,nan,1,RightinTimeout,LeftANDRight,69,390,1,252,0,nan,nan,285,nan
2/22/2025 7:39:46,1.17.0,baseline,8,3.67,nan,1,RightinTimeout,LeftANDRight,69,390,1,252,0,nan,nan,575,nan
2/22/2025 7:39:47,1.17.0,baseline,8,3.67,nan,1,RightinTimeout,LeftANDRight,69,390,1,252,0,nan,nan,860,nan
2/22/2025 7:39:55,1.17.0,baseline,8,3.67,1,1,Pellet,LeftANDRight,69,390,1,253,0,0.49,32,nan,15
2/22/2025 9:19:29,1.17.0,baseline,8,3.67,nan,1,Right,LeftANDRight,69,391,1,253,0,nan,nan,345,nan
2/22/2025 9:19:35,1.17.0,baseline,8,3.67,nan,1,RightinTimeout,LeftANDRight,69,392,1,253,0,nan,nan,0,nan
2/22/2025 9:19:35,1.17.0,baseline,8,3.66,nan,1,RightinTimeout,LeftANDRight,69,392,1,253,0,nan,nan,289,nan
2/22/2025 9:19:50,1.17.0,baseline,8,3.66,3,1,Pellet,LeftANDRight,69,392,1,254,0,0.79,5995,nan,15
2/22/2025 9:20:24,1.17.0,baseline,8,3.66,nan,1,Left,LeftANDRight,70,392,1,254,0,nan,nan,11,nan
2/22/2025 9:20:42,1.17.0,baseline,8,3.67,1,1,Pellet,LeftANDRight,70,392,1,255,0,2.14,52,nan,15
2/22/2025 9:23:50,1.17.0,baseline,8,3.67,nan,1,Right,LeftANDRight,70,393,1,255,0,nan,nan,4,nan
2/22/2025 9:24:08,1.17.0,baseline,8,3.67,1,1,Pellet,LeftANDRight,70,393,1,256,0,2.39,206,nan,15
2/22/2025 10:36:18,1.17.0,baseline,8,3.67,nan,1,Right,LeftANDRight,70,394,1,256,0,nan,nan,294,nan
2/22/2025 10:36:19,1.17.0,baseline,8,3.66,nan,1,RightinTimeout,LeftANDRight,70,395,1,256,0,nan,nan,0,nan
2/22/2025 10:36:34,1.17.0,baseline,8,3.66,1,1,Pellet,LeftANDRight,70,395,1,257,0,0.06,4346,nan,15
2/22/2025 10:43:35,1.17.0,baseline,8,3.67,nan,1,Left,LeftANDRight,71,395,1,257,0,nan,nan,74,nan
2/22/2025 10:46:26,1.17.0,baseline,8,3.66,1,1,Pellet,LeftANDRight,71,395,1,258,0,155.56,592,nan,15
