MICE_ID_RAR_INDIVIDUAL,ID_MICE,RACK,LOCATION,COHORT,DATE_OF_BIRTH,SEX,DIET,AGE_OLD_WEEKS,WEEK_WITH_FAT_DIET,FOOD_WEIGHT_START_G,FOOD_WEIGHT_END_G,DAILY_FOOD_INTAKE_G,DAILY_FOOD_INTAKE_KCAL,BODY_WEIGHT_G,DATE,AIM,COMMENTS,FAT,LEAN,FREE_WATER,TOTAL_WATER,TIME_DATE_DURA,NEW_FOOD_END_SESSION_G,RESEARCH_DIET_FORMULA,LOT_FOOD,COMMENT_TWO
B00002447876,7876,6A,H9,2,7/9/24,F,HFD,8,0,0,0,,0,18.32,9/3/24,2B_EEGAP,ONLY_ECHO_MRI_NO_ANIMAL_SEPARATION,2.14,17.15,0.14,13.02,"09:34:18 Sep 3, 2024; 134; ems",NA,NA,NA,NA
B00002447872,7872,6A,K8,2,7/9/24,F,HFD,8,0,0,0,,0,17.91,9/3/24,2B_EEGAP,ONLY_ECHO_MRI_NO_ANIMAL_SEPARATION,1.36,17.79,0,13.85,"09:31:31 Sep 3, 2024; 123; ems",NA,NA,NA,NA
B00002447880,7880,6A,L9,2,7/9/24,F,LFD,8,0,0,0,,0,17.57,9/3/24,2B_EEGAP,ONLY_ECHO_MRI_NO_ANIMAL_SEPARATION,1.52,17.26,0.24,13.29,"09:28:34 Sep 3, 2024; 128; ems",NA,NA,NA,NA
B00002447881,7881,6A,M9,2,7/9/24,F,LFD,8,0,0,0,,0,18.88,9/3/24,2B_EEGAP,ONLY_ECHO_MRI_NO_ANIMAL_SEPARATION,1.71,18.13,0.12,14.05,"09:25:28 Sep 3, 2024; 129; ems",NA,NA,NA,NA
B00002447877,7877,6A,I9,2,7/9/24,F,HFD,8,0,0,0,,0,19.19,9/3/24,2B_EEGAP,ONLY_ECHO_MRI_NO_ANIMAL_SEPARATION,1.9,18.23,0.04,14.38,"09:21:38 Sep 3, 2024; 128; ems",NA,NA,NA,NA
B00002447878,7878,6A,J9,2,7/9/24,F,HFD,8,0,0,0,,0,17.78,9/3/24,2B_EEGAP,ONLY_ECHO_MRI_NO_ANIMAL_SEPARATION,1.45,17.46,0.2,13.68,"09:18:27 Sep 3, 2024; 128; ems",NA,NA,NA,NA
B00002447873,7873,6A,L8,2,7/9/24,F,HFD,8,0,0,0,,0,18.6,9/3/24,2B_EEGAP,ONLY_ECHO_MRI_NO_ANIMAL_SEPARATION,2.04,17.4,0,13.19,"09:15:19 Sep 3, 2024; 123; ems",NA,NA,NA,NA
B00002447874,7874,6A,M8,2,7/9/24,F,HFD,8,0,0,0,,0,18.45,9/3/24,2B_EEGAP,ONLY_ECHO_MRI_NO_ANIMAL_SEPARATION,2.02,17.22,0.3,14.75,"09:12:00 Sep 3, 2024; 139; ems",NA,NA,NA,NA
B00002447882,7882,6A,N9,2,7/9/24,F,LFD,8,0,0,0,,0,17.44,9/3/24,2B_EEGAP,ONLY_ECHO_MRI_NO_ANIMAL_SEPARATION,1.44,16.89,0.12,13.44,"09:08:54 Sep 3, 2024; 123; ems",NA,NA,NA,NA
B00002447883,7883,6A,H10,2,7/9/24,F,LFD,8,0,0,0,,0,18.36,9/3/24,2B_EEGAP,ONLY_ECHO_MRI_NO_ANIMAL_SEPARATION,2.64,16.77,0.11,12.97,"09:05:54 Sep 3, 2024; 123; ems",NA,NA,NA,NA
B00002447875,7875,6A,N8,2,7/9/24,F,HFD,8,0,0,0,,0,18.8,9/3/24,2B_EEGAP,ONLY_ECHO_MRI_NO_ANIMAL_SEPARATION,1.91,17.91,0,13.94,"09:02:34 Sep 3, 2024; 139; ems",NA,NA,NA,NA
B00002447879,7879,6A,K9,2,7/9/24,F,HFD,8,0,0,0,,0,18.55,9/3/24,2B_EEGAP,ONLY_ECHO_MRI_NO_ANIMAL_SEPARATION,1.76,17.44,0.04,14.15,"08:59:29 Sep 3, 2024; 128; ems",NA,NA,NA,NA
B00002447864,7864,6A,H5,2,7/9/24,M,HFD,8,0,0,0,,0,25.82,9/3/24,2B_EEGAP,ONLY_ECHO_MRI_NO_ANIMAL_SEPARATION,1.8,24.65,0.19,20.2,"09:37:26 Sep 3, 2024; 137; ems",NA,NA,NA,NA
B00002447865,7865,6A,N1,2,7/9/24,M,HFD,8,0,0,0,,0,28.36,9/3/24,2B_EEGAP,ONLY_ECHO_MRI_NO_ANIMAL_SEPARATION,2.17,26.88,0,22.49,"09:40:31 Sep 3, 2024; 123; ems",NA,NA,NA,NA
B00002447860,7860,6A,J5,2,7/9/24,M,HFD,8,0,0,0,,0,25.35,9/3/24,2B_EEGAP,ONLY_ECHO_MRI_NO_ANIMAL_SEPARATION,1.83,24.61,0.25,19.9,"09:43:24 Sep 3, 2024; 123; ems",NA,NA,NA,NA
B00002447861,7861,6A,K5,2,7/9/24,M,HFD,8,0,0,0,,0,24.6,9/3/24,2B_EEGAP,ONLY_ECHO_MRI_NO_ANIMAL_SEPARATION,1.57,23.85,0.08,18.78,"09:46:25 Sep 3, 2024; 136; ems",NA,NA,NA,NA
B00002447866,7866,6A,J7,2,7/9/24,M,HFD,8,0,0,0,,0,22,9/3/24,2B_EEGAP,ONLY_ECHO_MRI_NO_ANIMAL_SEPARATION,2.55,20.81,0,16.16,"09:49:41 Sep 3, 2024; 128; ems",NA,NA,NA,NA
B00002447868,7868,6A,I7,2,7/9/24,M,LFD,8,0,0,0,,0,24,9/3/24,2B_EEGAP,ONLY_ECHO_MRI_NO_ANIMAL_SEPARATION,1.83,23.27,0.17,18.43,"09:52:51 Sep 3, 2024; 123; ems",NA,NA,NA,NA
B00002447869,7869,6A,H8,2,7/9/24,M,LFD,8,0,0,0,,0,25.14,9/3/24,2B_EEGAP,ONLY_ECHO_MRI_NO_ANIMAL_SEPARATION,2.02,24.03,0,18.52,"09:55:36 Sep 3, 2024; 139; ems",NA,NA,NA,NA
B00002447870,7870,6A,I8,2,7/9/24,M,LFD,8,0,0,0,,0,21.15,9/3/24,2B_EEGAP,ONLY_ECHO_MRI_NO_ANIMAL_SEPARATION,2.44,19.88,0,15.27,"09:58:36 Sep 3, 2024; 145; ems",NA,NA,NA,NA
B00002447862,7862,6A,L5,2,7/9/24,M,HFD,8,0,0,0,,0,24.1,9/3/24,2B_EEGAP,ONLY_ECHO_MRI_NO_ANIMAL_SEPARATION,2.64,22.72,0.19,18.09,"10:02:08 Sep 3, 2024; 129; ems",NA,NA,NA,NA
B00002447867,7867,6A,K7,2,7/9/24,M,HFD,8,0,0,0,,0,24.65,9/3/24,2B_EEGAP,ONLY_ECHO_MRI_NO_ANIMAL_SEPARATION,2.23,23.41,0.16,19.08,"10:05:04 Sep 3, 2024; 134; ems",NA,NA,NA,NA
B00002447863,7863,6A,M5,2,7/9/24,M,HFD,8,0,0,0,,0,26.51,9/3/24,2B_EEGAP,ONLY_ECHO_MRI_NO_ANIMAL_SEPARATION,2.94,24.56,0.07,19.67,"10:08:11 Sep 3, 2024; 130; ems",NA,NA,NA,NA
B00002447871,7871,6A,J8,2,7/9/24,M,LFD,8,0,0,0,,0,27.08,9/3/24,2B_EEGAP,ONLY_ECHO_MRI_NO_ANIMAL_SEPARATION,2.15,26.04,0.01,20.98,"10:11:08 Sep 3, 2024; 128; ems",NA,NA,NA,NA
B00002447876,7876,6A,H9,2,7/9/24,F,HFD,8.4,0.4,10.03,0,2.5075,11.860475,NA,9/9/24,2B_EEGAP,FOOD_REPLACEMENT,NA,NA,NA,NA,NA,17.17,D12451i,24072303i,NEW_RELOCATION_IN_RACK
B00002447872,7872,6A,K8,2,7/9/24,F,HFD,8.4,0.4,10.4,1.15,2.3125,10.938125,NA,9/9/24,2B_EEGAP,FOOD_REPLACEMENT,NA,NA,NA,NA,NA,16.02,D12451i,24072303i,NEW_RELOCATION_IN_RACK
B00002447880,7880,6A,L9,2,7/9/24,F,LFD,8.4,0.4,12.37,4.95,1.855,7.0861,NA,9/9/24,2B_EEGAP,FOOD_REPLACEMENT,NA,NA,NA,NA,NA,14.1,D12450Ki,24080209i,NEW_RELOCATION_IN_RACK
B00002447881,7881,6A,M9,2,7/9/24,F,LFD,8.4,0.4,12.7,4.09,2.1525,8.22255,NA,9/9/24,2B_EEGAP,FOOD_REPLACEMENT,NA,NA,NA,NA,NA,14.9,D12450Ki,24080209i,NEW_RELOCATION_IN_RACK
B00002447877,7877,6A,I9,2,7/9/24,F,HFD,8.4,0.4,10.39,1,2.3475,11.103675,NA,9/9/24,2B_EEGAP,FOOD_REPLACEMENT,NA,NA,NA,NA,NA,13.62,D12451i,24072303i,NEW_RELOCATION_IN_RACK
B00002447878,7878,6A,J9,2,7/9/24,F,HFD,8.4,0.4,10.47,1.76,2.1775,10.299575,NA,9/9/24,2B_EEGAP,FOOD_REPLACEMENT,NA,NA,NA,NA,NA,13.99,D12451i,24072303i,NEW_RELOCATION_IN_RACK
B00002447873,7873,6A,L8,2,7/9/24,F,HFD,8.4,0.4,9.86,0,2.465,11.65945,NA,9/9/24,2B_EEGAP,FOOD_REPLACEMENT,NA,NA,NA,NA,NA,17.75,D12451i,24072303i,NEW_RELOCATION_IN_RACK
B00002447874,7874,6A,M8,2,7/9/24,F,HFD,8.4,0.4,10.09,2.39,1.925,9.10525,NA,9/9/24,2B_EEGAP,FOOD_REPLACEMENT,NA,NA,NA,NA,NA,13.72,D12451i,24072303i,NEW_RELOCATION_IN_RACK
B00002447882,7882,6A,N9,2,7/9/24,F,LFD,8.4,0.4,12.64,5.4,1.81,6.9142,NA,9/9/24,2B_EEGAP,FOOD_REPLACEMENT,NA,NA,NA,NA,NA,13.61,D12450Ki,24080209i,NEW_RELOCATION_IN_RACK
B00002447883,7883,6A,H10,2,7/9/24,F,LFD,8.4,0.4,12.24,3.7,2.135,8.1557,NA,9/9/24,2B_EEGAP,FOOD_REPLACEMENT,NA,NA,NA,NA,NA,12.88,D12450Ki,24080209i,NEW_RELOCATION_IN_RACK
B00002447875,7875,6A,N8,2,7/9/24,F,HFD,8.4,0.4,11.37,2.87,2.125,10.05125,NA,9/9/24,2B_EEGAP,FOOD_REPLACEMENT,NA,NA,NA,NA,NA,13.08,D12451i,24072303i,NEW_RELOCATION_IN_RACK
B00002447879,7879,6A,K9,2,7/9/24,F,HFD,8.4,0.4,11.1,1.44,2.415,11.42295,NA,9/9/24,2B_EEGAP,FOOD_REPLACEMENT,NA,NA,NA,NA,NA,14.44,D12451i,24072303i,NEW_RELOCATION_IN_RACK
B00002447864,7864,6A,H5,2,7/9/24,M,HFD,8.4,0.4,10.35,0,2.5875,12.238875,NA,9/9/24,2B_EEGAP,FOOD_REPLACEMENT,NA,NA,NA,NA,NA,16.71,D12451i,24072303i,NEW_RELOCATION_IN_RACK
B00002447865,7865,6A,N1,2,7/9/24,M,HFD,8.4,0.4,9.25,0,2.3125,10.938125,NA,9/9/24,2B_EEGAP,FOOD_REPLACEMENT,NA,NA,NA,NA,NA,17.52,D12451i,24072303i,NEW_RELOCATION_IN_RACK
B00002447860,7860,6A,J5,2,7/9/24,M,HFD,8.4,0.4,10.1,0,2.525,11.94325,NA,9/9/24,2B_EEGAP,FOOD_REPLACEMENT,NA,NA,NA,NA,NA,17.38,D12451i,24072303i,NEW_RELOCATION_IN_RACK
B00002447861,7861,6A,K5,2,7/9/24,M,HFD,8.4,0.4,10.43,0,2.6075,12.333475,NA,9/9/24,2B_EEGAP,FOOD_REPLACEMENT,NA,NA,NA,NA,NA,17.58,D12451i,24072303i,NEW_RELOCATION_IN_RACK
B00002447866,7866,6A,J7,2,7/9/24,M,HFD,8.4,0.4,10.38,0,2.595,12.27435,NA,9/9/24,2B_EEGAP,FOOD_REPLACEMENT,NA,NA,NA,NA,NA,17.97,D12451i,24072303i,NEW_RELOCATION_IN_RACK
B00002447868,7868,6A,I7,2,7/9/24,M,LFD,8.4,0.4,11.97,2.69,2.32,8.8624,NA,9/9/24,2B_EEGAP,FOOD_REPLACEMENT,NA,NA,NA,NA,NA,12.82,D12450Ki,24080209i,NEW_RELOCATION_IN_RACK
B00002447869,7869,6A,H8,2,7/9/24,M,LFD,8.4,0.4,11.92,5.58,1.585,6.0547,NA,9/9/24,2B_EEGAP,FOOD_REPLACEMENT,NA,NA,NA,NA,NA,12.51,D12450Ki,24080209i,NEW_RELOCATION_IN_RACK
B00002447870,7870,6A,I8,2,7/9/24,M,LFD,8.4,0.4,9.22,0.82,2.1,8.022,NA,9/9/24,2B_EEGAP,FOOD_REPLACEMENT,NA,NA,NA,NA,NA,15.57,D12450Ki,24080209i,NEW_RELOCATION_IN_RACK
B00002447862,7862,6A,L5,2,7/9/24,M,HFD,8.4,0.4,10.32,0,2.58,12.2034,NA,9/9/24,2B_EEGAP,FOOD_REPLACEMENT,NA,NA,NA,NA,NA,17.26,D12451i,24072303i,NEW_RELOCATION_IN_RACK
B00002447867,7867,6A,K7,2,7/9/24,M,HFD,8.4,0.4,13.42,3.57,2.4625,11.647625,NA,9/9/24,2B_EEGAP,FOOD_REPLACEMENT,NA,NA,NA,NA,NA,14.48,D12451i,24072303i,NEW_RELOCATION_IN_RACK
B00002447863,7863,6A,M5,2,7/9/24,M,HFD,8.4,0.4,9.94,0,2.485,11.75405,NA,9/9/24,2B_EEGAP,FOOD_REPLACEMENT,NA,NA,NA,NA,NA,17.82,D12451i,24072303i,NEW_RELOCATION_IN_RACK
B00002447871,7871,6A,J8,2,7/9/24,M,LFD,8.4,0.4,9.3,0,2.325,8.8815,NA,9/9/24,2B_EEGAP,FOOD_REPLACEMENT,NA,NA,NA,NA,NA,18.19,D12450Ki,24080209i,NEW_RELOCATION_IN_RACK
B00002447876,7876,6A,L4,2,7/9/24,F,HFD,9,1,17.17,12.19,2.49,11.7777,17.28,9/11/24,2B_EEGAP,NA,NA,NA,NA,NA,NA,NA,D12451i,24072303i,NA
B00002447872,7872,6A,M4,2,7/9/24,F,HFD,9,1,16.02,11.63,2.195,10.38235,17.38,9/11/24,2B_EEGAP,NA,NA,NA,NA,NA,NA,NA,D12451i,24072303i,NA
B00002447880,7880,6A,N8,2,7/9/24,F,LFD,9,1,14.1,6.52,3.79,14.4778,17.52,9/11/24,2B_EEGAP,NA,NA,NA,NA,NA,NA,NA,D12450Ki,24080209i,NA
B00002447881,7881,6A,H9,2,7/9/24,F,LFD,9,1,14.9,8.99,2.955,11.2881,17.82,9/11/24,2B_EEGAP,NA,NA,NA,NA,NA,NA,NA,D12450Ki,24080209i,NA
B00002447877,7877,6A,N4,2,7/9/24,F,HFD,9,1,13.62,9.19,2.215,10.47695,18.3,9/11/24,2B_EEGAP,NA,NA,NA,NA,NA,NA,NA,D12451i,24072303i,NA
B00002447878,7878,6A,H5,2,7/9/24,F,HFD,9,1,13.99,9.25,2.37,11.2101,18.26,9/11/24,2B_EEGAP,NA,NA,NA,NA,NA,NA,NA,D12451i,24072303i,NA
B00002447873,7873,6A,G5,2,7/9/24,F,HFD,9,1,17.75,12.05,2.85,13.4805,18.47,9/11/24,2B_EEGAP,NA,NA,NA,NA,NA,NA,NA,D12451i,24072303i,NA
B00002447874,7874,6A,K5,2,7/9/24,F,HFD,9,1,13.72,8.85,2.435,11.51755,17.58,9/11/24,2B_EEGAP,NA,NA,NA,NA,NA,NA,NA,D12451i,24072303i,NA
B00002447882,7882,6A,I9,2,7/9/24,F,LFD,9,1,13.61,5.31,4.15,15.853,18.43,9/11/24,2B_EEGAP,NA,NA,NA,NA,NA,NA,NA,D12450Ki,24080209i,NA
B00002447883,7883,6A,J9,2,7/9/24,F,LFD,9,1,12.88,6.65,3.115,11.8993,17.32,9/11/24,2B_EEGAP,NA,NA,NA,NA,NA,NA,NA,D12450Ki,24080209i,NA
B00002447875,7875,6A,L5,2,7/9/24,F,HFD,9,1,13.08,7.73,2.675,12.65275,18.03,9/11/24,2B_EEGAP,NA,NA,NA,NA,NA,NA,NA,D12451i,24072303i,NA
B00002447879,7879,6A,M5,2,7/9/24,F,HFD,9,1,14.44,10.13,2.155,10.19315,17.05,9/11/24,2B_EEGAP,NA,NA,NA,NA,NA,NA,NA,D12451i,24072303i,NA
B00002447864,7864,6A,K7,2,7/9/24,M,HFD,9,1,16.71,10.06,3.325,15.72725,25.4,9/11/24,2B_EEGAP,NA,NA,NA,NA,NA,NA,NA,D12451i,24072303i,NA
B00002447865,7865,6A,L7,2,7/9/24,M,HFD,9,1,17.52,7.4,5.06,23.9338,27.43,9/11/24,2B_EEGAP,NA,NA,NA,NA,NA,NA,NA,D12451i,24072303i,NA
B00002447860,7860,6A,H8,2,7/9/24,M,HFD,9,1,17.38,9.85,3.765,17.80845,25.28,9/11/24,2B_EEGAP,NA,NA,NA,NA,NA,NA,NA,D12451i,24072303i,NA
B00002447861,7861,6A,I8,2,7/9/24,M,HFD,9,1,17.58,10.38,3.6,17.028,24.89,9/11/24,2B_EEGAP,NA,NA,NA,NA,NA,NA,NA,D12451i,24072303i,NA
B00002447866,7866,6A,J8,2,7/9/24,M,HFD,9,1,17.97,13.09,2.44,11.5412,21.77,9/11/24,2B_EEGAP,NA,NA,NA,NA,NA,NA,NA,D12451i,24072303i,NA
B00002447868,7868,6A,K7,2,7/9/24,M,LFD,9,1,12.82,5.23,3.795,14.4969,23.2,9/11/24,2B_EEGAP,NA,NA,NA,NA,NA,NA,NA,D12450Ki,24080209i,NA
B00002447869,7869,6A,L9,2,7/9/24,M,LFD,9,1,12.51,4.72,3.895,14.8789,23.4,9/11/24,2B_EEGAP,NA,NA,NA,NA,NA,NA,NA,D12450Ki,24080209i,NA
B00002447870,7870,6A,M9,2,7/9/24,M,LFD,9,1,15.57,7.92,3.825,14.6115,21.59,9/11/24,2B_EEGAP,NA,NA,NA,NA,NA,NA,NA,D12450Ki,24080209i,NA
B00002447862,7862,6A,K8,2,7/9/24,M,HFD,9,1,17.26,10.42,3.42,16.1766,23.78,9/11/24,2B_EEGAP,NA,NA,NA,NA,NA,NA,NA,D12451i,24072303i,NA
B00002447867,7867,6A,L8,2,7/9/24,M,HFD,9,1,14.48,8.83,2.825,13.36225,23.93,9/11/24,2B_EEGAP,NA,NA,NA,NA,NA,NA,NA,D12451i,24072303i,NA
B00002447863,7863,6A,M8,2,7/9/24,M,HFD,9,1,17.82,8.63,4.595,21.73435,28.06,9/11/24,2B_EEGAP,NA,NA,NA,NA,NA,NA,NA,D12451i,24072303i,NA
B00002447871,7871,6A,N9,2,7/9/24,M,LFD,9,1,18.19,9.2,4.495,17.1709,26.28,9/11/24,2B_EEGAP,NA,NA,NA,NA,NA,NA,NA,D12450Ki,24080209i,NA
B00002447876,7876,6A,L4,2,7/9/24,F,HFD,9.3,1.3,12.19,7.78,2.205,10.42965,NA,9/13/24,2B_EEGAP,FOOD_REPLACEMENT,NA,NA,NA,NA,NA,10.83,D12451i,24072303i,NA
B00002447872,7872,6A,M4,2,7/9/24,F,HFD,9.3,1.3,11.63,7.65,1.99,9.4127,NA,9/13/24,2B_EEGAP,FOOD_REPLACEMENT,NA,NA,NA,NA,NA,10.18,D12451i,24072303i,NA
B00002447877,7877,6A,N8,2,7/9/24,F,HFD,9.3,1.3,9.19,4.67,2.26,10.6898,NA,9/13/24,2B_EEGAP,FOOD_REPLACEMENT,NA,NA,NA,NA,NA,12.42,D12451i,24072303i,NA
B00002447878,7878,6A,H9,2,7/9/24,F,HFD,9.3,1.3,9.25,4.54,2.355,11.13915,NA,9/13/24,2B_EEGAP,FOOD_REPLACEMENT,NA,NA,NA,NA,NA,10.36,D12451i,24072303i,NA
B00002447873,7873,6A,N4,2,7/9/24,F,HFD,9.3,1.3,12.05,7.63,2.21,10.4533,NA,9/13/24,2B_EEGAP,FOOD_REPLACEMENT,NA,NA,NA,NA,NA,11.22,D12451i,24072303i,NA
B00002447874,7874,6A,H5,2,7/9/24,F,HFD,9.3,1.3,8.85,3.65,2.6,12.298,NA,9/13/24,2B_EEGAP,FOOD_REPLACEMENT,NA,NA,NA,NA,NA,11.16,D12451i,24072303i,NA
B00002447875,7875,6A,G5,2,7/9/24,F,HFD,9.3,1.3,7.73,2.87,2.43,11.4939,NA,9/13/24,2B_EEGAP,FOOD_REPLACEMENT,NA,NA,NA,NA,NA,11.08,D12451i,24072303i,NA
B00002447879,7879,6A,K5,2,7/9/24,F,HFD,9.3,1.3,10.13,5.31,2.41,11.3993,NA,9/13/24,2B_EEGAP,FOOD_REPLACEMENT,NA,NA,NA,NA,NA,13.37,D12451i,24072303i,NA
B00002447864,7864,6A,I9,2,7/9/24,M,HFD,9.3,1.3,10.06,5.35,2.355,11.13915,NA,9/13/24,2B_EEGAP,FOOD_REPLACEMENT,NA,NA,NA,NA,NA,11.36,D12451i,24072303i,NA
B00002447865,7865,6A,J9,2,7/9/24,M,HFD,9.3,1.3,7.4,0,3.7,17.501,NA,9/13/24,2B_EEGAP,FOOD_REPLACEMENT,NA,NA,NA,NA,NA,18.6,D12451i,24072303i,NA
B00002447860,7860,6A,L5,2,7/9/24,M,HFD,9.3,1.3,9.85,3.87,2.99,14.1427,NA,9/13/24,2B_EEGAP,FOOD_REPLACEMENT,NA,NA,NA,NA,NA,13.22,D12451i,24072303i,NA
B00002447861,7861,6A,M5,2,7/9/24,M,HFD,9.3,1.3,10.38,5.86,2.26,10.6898,NA,9/13/24,2B_EEGAP,FOOD_REPLACEMENT,NA,NA,NA,NA,NA,10.56,D12451i,24072303i,NA
B00002447866,7866,6A,K7,2,7/9/24,M,HFD,9.3,1.3,13.09,7.46,2.815,13.31495,NA,9/13/24,2B_EEGAP,FOOD_REPLACEMENT,NA,NA,NA,NA,NA,13.08,D12451i,24072303i,NA
B00002447862,7862,6A,L7,2,7/9/24,M,HFD,9.3,1.3,10.42,4.6,2.91,13.7643,NA,9/13/24,2B_EEGAP,FOOD_REPLACEMENT,NA,NA,NA,NA,NA,11.61,D12451i,24072303i,NA
B00002447867,7867,6A,H8,2,7/9/24,M,HFD,9.3,1.3,8.83,4.37,2.23,10.5479,NA,9/13/24,2B_EEGAP,FOOD_REPLACEMENT,NA,NA,NA,NA,NA,11.28,D12451i,24072303i,NA
B00002447863,7863,6A,I8,2,7/9/24,M,HFD,9.3,1.3,8.63,1.85,3.39,16.0347,NA,9/13/24,2B_EEGAP,FOOD_REPLACEMENT,NA,NA,NA,NA,NA,14.53,D12451i,24072303i,NA
B00002447880,7880,6A,J8,2,7/9/24,F,LFD,9.3,1.3,6.52,0,3.26,12.4532,NA,9/13/24,2B_EEGAP,FOOD_REPLACEMENT,NA,NA,NA,NA,NA,17.58,D12450Ki,24080209i,NA
B00002447881,7881,6A,K7,2,7/9/24,F,LFD,9.3,1.3,8.99,2.49,3.25,12.415,NA,9/13/24,2B_EEGAP,FOOD_REPLACEMENT,NA,NA,NA,NA,NA,14.95,D12450Ki,24080209i,NA
B00002447882,7882,6A,L9,2,7/9/24,F,LFD,9.3,1.3,5.31,0,2.655,10.1421,NA,9/13/24,2B_EEGAP,FOOD_REPLACEMENT,NA,NA,NA,NA,NA,18.34,D12450Ki,24080209i,NA
B00002447883,7883,6A,M9,2,7/9/24,F,LFD,9.3,1.3,6.65,0.73,2.96,11.3072,NA,9/13/24,2B_EEGAP,FOOD_REPLACEMENT,NA,NA,NA,NA,NA,16.06,D12450Ki,24080209i,NA
B00002447868,7868,6A,K8,2,7/9/24,M,LFD,9.3,1.3,5.23,0,2.615,9.9893,NA,9/13/24,2B_EEGAP,FOOD_REPLACEMENT,NA,NA,NA,NA,NA,17.51,D12450Ki,24080209i,NA
B00002447869,7869,6A,L8,2,7/9/24,M,LFD,9.3,1.3,4.72,0,2.36,9.0152,NA,9/13/24,2B_EEGAP,FOOD_REPLACEMENT,NA,NA,NA,NA,NA,17.4,D12450Ki,24080209i,NA
B00002447870,7870,6A,M8,2,7/9/24,M,LFD,9.3,1.3,7.92,0.74,3.59,13.7138,NA,9/13/24,2B_EEGAP,FOOD_REPLACEMENT,NA,NA,NA,NA,NA,14.69,D12450Ki,24080209i,NA
B00002447871,7871,6A,N9,2,7/9/24,M,LFD,9.3,1.3,9.2,0.74,4.23,16.1586,NA,9/13/24,2B_EEGAP,FOOD_REPLACEMENT,NA,NA,NA,NA,NA,14.7,D12450Ki,24080209i,NA
B00002447876,7876,6A,L4,2,7/9/24,F,HFD,9.5,1.5,10.83,3.56,2.423333333,11.46236667,NA,9/16/24,2B_EEGAP,FOOD_REPLACEMENT,NA,NA,NA,NA,NA,13.44,D12451i,24072303i,NA
B00002447872,7872,6A,M4,2,7/9/24,F,HFD,9.5,1.5,10.18,3.95,2.076666667,9.822633333,NA,9/16/24,2B_EEGAP,FOOD_REPLACEMENT,NA,NA,NA,NA,NA,13.42,D12451i,24072303i,NA
B00002447877,7877,6A,N8,2,7/9/24,F,HFD,9.5,1.5,12.42,5.18,2.413333333,11.41506667,NA,9/16/24,2B_EEGAP,FOOD_REPLACEMENT,NA,NA,NA,NA,NA,13.6,D12451i,24072303i,NA
B00002447878,7878,6A,H9,2,7/9/24,F,HFD,9.5,1.5,10.36,3.59,2.256666667,10.67403333,NA,9/16/24,2B_EEGAP,FOOD_REPLACEMENT,NA,NA,NA,NA,NA,13.33,D12451i,24072303i,NA
B00002447873,7873,6A,N4,2,7/9/24,F,HFD,9.5,1.5,11.22,3.04,2.726666667,12.89713333,NA,9/16/24,2B_EEGAP,FOOD_REPLACEMENT,NA,NA,NA,NA,NA,13.66,D12451i,24072303i,NA
B00002447874,7874,6A,H5,2,7/9/24,F,HFD,9.5,1.5,11.16,4.82,2.113333333,9.996066667,NA,9/16/24,2B_EEGAP,FOOD_REPLACEMENT,NA,NA,NA,NA,NA,13.14,D12451i,24072303i,NA
B00002447875,7875,6A,G5,2,7/9/24,F,HFD,9.5,1.5,11.08,3.1,2.66,12.5818,NA,9/16/24,2B_EEGAP,FOOD_REPLACEMENT,NA,NA,NA,NA,NA,13.57,D12451i,24072303i,NA
B00002447879,7879,6A,K5,2,7/9/24,F,HFD,9.5,1.5,13.37,6.55,2.273333333,10.75286667,NA,9/16/24,2B_EEGAP,FOOD_REPLACEMENT,NA,NA,NA,NA,NA,13.57,D12451i,24072303i,NA
B00002447864,7864,6A,I9,2,7/9/24,M,HFD,9.5,1.5,11.36,3.78,2.526666667,11.95113333,NA,9/16/24,2B_EEGAP,FOOD_REPLACEMENT,NA,NA,NA,NA,NA,14.28,D12451i,24072303i,NA
B00002447865,7865,6A,J9,2,7/9/24,M,HFD,9.5,1.5,18.6,6.04,4.186666667,19.80293333,NA,9/16/24,2B_EEGAP,FOOD_REPLACEMENT,NA,NA,NA,NA,NA,22.6,D12451i,24072303i,NA
B00002447860,7860,6A,L5,2,7/9/24,M,HFD,9.5,1.5,13.22,5.96,2.42,11.4466,NA,9/16/24,2B_EEGAP,FOOD_REPLACEMENT,NA,NA,NA,NA,NA,13.45,D12451i,24072303i,NA
B00002447861,7861,6A,M5,2,7/9/24,M,HFD,9.5,1.5,10.56,2.6,2.653333333,12.55026667,NA,9/16/24,2B_EEGAP,FOOD_REPLACEMENT,NA,NA,NA,NA,NA,14.28,D12451i,24072303i,NA
B00002447866,7866,6A,K7,2,7/9/24,M,HFD,9.5,1.5,13.08,5.49,2.53,11.9669,NA,9/16/24,2B_EEGAP,FOOD_REPLACEMENT,NA,NA,NA,NA,NA,13.63,D12451i,24072303i,NA
B00002447862,7862,6A,L7,2,7/9/24,M,HFD,9.5,1.5,11.61,1.86,3.25,15.3725,NA,9/16/24,2B_EEGAP,FOOD_REPLACEMENT,NA,NA,NA,NA,NA,15.46,D12451i,24072303i,NA
B00002447867,7867,6A,H8,2,7/9/24,M,HFD,9.5,1.5,11.28,3.02,2.753333333,13.02326667,NA,9/16/24,2B_EEGAP,FOOD_REPLACEMENT,NA,NA,NA,NA,NA,13.97,D12451i,24072303i,NA
B00002447863,7863,6A,I8,2,7/9/24,M,HFD,9.5,1.5,14.53,6.31,2.74,12.9602,NA,9/16/24,2B_EEGAP,FOOD_REPLACEMENT,NA,NA,NA,NA,NA,15.51,D12451i,24072303i,NA
B00002447880,7880,6A,J8,2,7/9/24,F,LFD,9.5,1.5,17.58,8.42,3.053333333,11.66373333,NA,9/16/24,2B_EEGAP,FOOD_REPLACEMENT,NA,NA,NA,NA,NA,16.27,D12450Ki,24080209i,NA
B00002447881,7881,6A,K7,2,7/9/24,F,LFD,9.5,1.5,14.95,8.17,2.26,8.6332,NA,9/16/24,2B_EEGAP,FOOD_REPLACEMENT,NA,NA,NA,NA,NA,14.89,D12450Ki,24080209i,NA
B00002447882,7882,6A,L9,2,7/9/24,F,LFD,9.5,1.5,18.34,7.94,3.466666667,13.24266667,NA,9/16/24,2B_EEGAP,FOOD_REPLACEMENT,NA,NA,NA,NA,NA,17.94,D12450Ki,24080209i,NA
B00002447883,7883,6A,M9,2,7/9/24,F,LFD,9.5,1.5,16.06,9.25,2.27,8.6714,NA,9/16/24,2B_EEGAP,FOOD_REPLACEMENT,NA,NA,NA,NA,NA,14.37,D12450Ki,24080209i,NA
B00002447868,7868,6A,K8,2,7/9/24,M,LFD,9.5,1.5,17.51,6.16,3.783333333,14.45233333,NA,9/16/24,2B_EEGAP,FOOD_REPLACEMENT,NA,NA,NA,NA,NA,18.6,D12450Ki,24080209i,NA
B00002447869,7869,6A,L8,2,7/9/24,M,LFD,9.5,1.5,17.4,5.67,3.91,14.9362,NA,9/16/24,2B_EEGAP,FOOD_REPLACEMENT,NA,NA,NA,NA,NA,17.43,D12450Ki,24080209i,NA
B00002447870,7870,6A,M8,2,7/9/24,M,LFD,9.5,1.5,14.69,6.68,2.67,10.1994,NA,9/16/24,2B_EEGAP,FOOD_REPLACEMENT,NA,NA,NA,NA,NA,15.11,D12450Ki,24080209i,NA
B00002447871,7871,6A,N9,2,7/9/24,M,LFD,9.5,1.5,14.7,6.25,2.816666667,10.75966667,NA,9/16/24,2B_EEGAP,FOOD_REPLACEMENT,NA,NA,NA,NA,NA,14.79,D12450Ki,24080209i,NA
B00002447876,7876,6A,L4,2,7/9/24,F,HFD,10,2,13.44,8.54,2.45,11.5885,17.3,9/18/24,2B_EEGAP,NA,NA,NA,NA,NA,NA,NA,D12451i,24072303i,NA
B00002447872,7872,6A,M4,2,7/9/24,F,HFD,10,2,13.42,8.58,2.42,11.4466,18.16,9/18/24,2B_EEGAP,NA,NA,NA,NA,NA,NA,NA,D12451i,24072303i,NA
B00002447877,7877,6A,N8,2,7/9/24,F,HFD,10,2,13.6,8.53,2.535,11.99055,19.65,9/18/24,2B_EEGAP,NA,NA,NA,NA,NA,NA,NA,D12451i,24072303i,NA
B00002447878,7878,6A,H9,2,7/9/24,F,HFD,10,2,13.33,8.66,2.335,11.04455,18.23,9/18/24,2B_EEGAP,NA,NA,NA,NA,NA,NA,NA,D12451i,24072303i,NA
B00002447873,7873,6A,N4,2,7/9/24,F,HFD,10,2,13.66,8.82,2.42,11.4466,18.76,9/18/24,2B_EEGAP,NA,NA,NA,NA,NA,NA,NA,D12451i,24072303i,NA
B00002447874,7874,6A,H5,2,7/9/24,F,HFD,10,2,13.14,8.68,2.23,10.5479,17.82,9/18/24,2B_EEGAP,NA,NA,NA,NA,NA,NA,NA,D12451i,24072303i,NA
B00002447875,7875,6A,G5,2,7/9/24,F,HFD,10,2,13.57,8.82,2.375,11.23375,18.75,9/18/24,2B_EEGAP,NA,NA,NA,NA,NA,NA,NA,D12451i,24072303i,NA
B00002447879,7879,6A,K5,2,7/9/24,F,HFD,10,2,13.57,8.55,2.51,11.8723,18.3,9/18/24,2B_EEGAP,NA,NA,NA,NA,NA,NA,NA,D12451i,24072303i,NA
B00002447864,7864,6A,I9,2,7/9/24,M,HFD,10,2,14.28,9.54,2.37,11.2101,25.14,9/18/24,2B_EEGAP,NA,NA,NA,NA,NA,NA,NA,D12451i,24072303i,NA
B00002447865,7865,6A,J9,2,7/9/24,M,HFD,10,2,22.6,15.76,3.42,16.1766,28.67,9/18/24,2B_EEGAP,NA,NA,NA,NA,NA,NA,NA,D12451i,24072303i,NA
B00002447860,7860,6A,L5,2,7/9/24,M,HFD,10,2,13.45,8.03,2.71,12.8183,25.65,9/18/24,2B_EEGAP,NA,NA,NA,NA,NA,NA,NA,D12451i,24072303i,NA
B00002447861,7861,6A,M5,2,7/9/24,M,HFD,10,2,14.28,8.73,2.775,13.12575,25.45,9/18/24,2B_EEGAP,NA,NA,NA,NA,NA,NA,NA,D12451i,24072303i,NA
B00002447866,7866,6A,K7,2,7/9/24,M,HFD,10,2,13.63,7.83,2.9,13.717,23.3,9/18/24,2B_EEGAP,NA,NA,NA,NA,NA,NA,NA,D12451i,24072303i,NA
B00002447862,7862,6A,L7,2,7/9/24,M,HFD,10,2,15.46,9.4,3.03,14.3319,24.5,9/18/24,2B_EEGAP,NA,NA,NA,NA,NA,NA,NA,D12451i,24072303i,NA
B00002447867,7867,6A,H8,2,7/9/24,M,HFD,10,2,13.97,8.99,2.49,11.7777,23.84,9/18/24,2B_EEGAP,NA,NA,NA,NA,NA,NA,NA,D12451i,24072303i,NA
B00002447863,7863,6A,I8,2,7/9/24,M,HFD,10,2,15.51,11.65,1.93,9.1289,28.14,9/18/24,2B_EEGAP,NA,NA,NA,NA,NA,NA,NA,D12451i,24072303i,NA
B00002447880,7880,6A,J8,2,7/9/24,F,LFD,10,2,16.27,12.99,1.64,6.2648,17.55,9/18/24,2B_EEGAP,NA,NA,NA,NA,NA,NA,NA,D12450Ki,24080209i,NA
B00002447881,7881,6A,K7,2,7/9/24,F,LFD,10,2,14.89,9.43,2.73,10.4286,17.82,9/18/24,2B_EEGAP,NA,NA,NA,NA,NA,NA,NA,D12450Ki,24080209i,NA
B00002447882,7882,6A,L9,2,7/9/24,F,LFD,10,2,17.94,14.5,1.72,6.5704,18.05,9/18/24,2B_EEGAP,NA,NA,NA,NA,NA,NA,NA,D12450Ki,24080209i,NA
B00002447883,7883,6A,M9,2,7/9/24,F,LFD,10,2,14.37,9,2.685,10.2567,18.03,9/18/24,2B_EEGAP,NA,NA,NA,NA,NA,NA,NA,D12450Ki,24080209i,NA
B00002447868,7868,6A,K8,2,7/9/24,M,LFD,10,2,18.6,14.16,2.22,8.4804,23,9/18/24,2B_EEGAP,NA,NA,NA,NA,NA,NA,NA,D12450Ki,24080209i,NA
B00002447869,7869,6A,L8,2,7/9/24,M,LFD,10,2,17.43,12.24,2.595,9.9129,23.54,9/18/24,2B_EEGAP,NA,NA,NA,NA,NA,NA,NA,D12450Ki,24080209i,NA
B00002447870,7870,6A,M8,2,7/9/24,M,LFD,10,2,15.11,11.31,1.9,7.258,21.11,9/18/24,2B_EEGAP,NA,NA,NA,NA,NA,NA,NA,D12450Ki,24080209i,NA
B00002447871,7871,6A,N9,2,7/9/24,M,LFD,10,2,14.79,8.72,3.035,11.5937,26.22,9/18/24,2B_EEGAP,NA,NA,NA,NA,NA,NA,NA,D12450Ki,24080209i,NA
B00002447876,7876,6A,L4,2,7/9/24,F,HFD,10.3,2.3,8.54,3.07,2.735,12.93655,NA,9/20/24,2B_EEGAP,FOOD_REPLACEMENT,NA,NA,NA,NA,NA,14.84,D12451i,24072303i,NA
B00002447872,7872,6A,M4,2,7/9/24,F,HFD,10.3,2.3,8.58,4.53,2.025,9.57825,NA,9/20/24,2B_EEGAP,FOOD_REPLACEMENT,NA,NA,NA,NA,NA,13.58,D12451i,24072303i,NA
B00002447877,7877,6A,N8,2,7/9/24,F,HFD,10.3,2.3,8.53,3.05,2.74,12.9602,NA,9/20/24,2B_EEGAP,FOOD_REPLACEMENT,NA,NA,NA,NA,NA,14.18,D12451i,24072303i,NA
B00002447878,7878,6A,H9,2,7/9/24,F,HFD,10.3,2.3,8.66,4.42,2.12,10.0276,NA,9/20/24,2B_EEGAP,FOOD_REPLACEMENT,NA,NA,NA,NA,NA,10.35,D12451i,24072303i,NA
B00002447873,7873,6A,N4,2,7/9/24,F,HFD,10.3,2.3,8.82,4.18,2.32,10.9736,NA,9/20/24,2B_EEGAP,FOOD_REPLACEMENT,NA,NA,NA,NA,NA,13.49,D12451i,24072303i,NA
B00002447874,7874,6A,H5,2,7/9/24,F,HFD,10.3,2.3,8.68,3.45,2.615,12.36895,NA,9/20/24,2B_EEGAP,FOOD_REPLACEMENT,NA,NA,NA,NA,NA,12.77,D12451i,24072303i,NA
B00002447875,7875,6A,G5,2,7/9/24,F,HFD,10.3,2.3,8.82,3.82,2.5,11.825,NA,9/20/24,2B_EEGAP,FOOD_REPLACEMENT,NA,NA,NA,NA,NA,10.71,D12451i,24072303i,NA
B00002447879,7879,6A,K5,2,7/9/24,F,HFD,10.3,2.3,8.55,3.59,2.48,11.7304,NA,9/20/24,2B_EEGAP,FOOD_REPLACEMENT,NA,NA,NA,NA,NA,12.05,D12451i,24072303i,NA
B00002447864,7864,6A,I9,2,7/9/24,M,HFD,10.3,2.3,9.54,5.3,2.12,10.0276,NA,9/20/24,2B_EEGAP,FOOD_REPLACEMENT,NA,NA,NA,NA,NA,9.37,D12451i,24072303i,NA
B00002447865,7865,6A,J9,2,7/9/24,M,HFD,10.3,2.3,15.76,9.65,3.055,14.45015,NA,9/20/24,2B_EEGAP,FOOD_REPLACEMENT,NA,NA,NA,NA,NA,13.06,D12451i,24072303i,NA
B00002447860,7860,6A,L5,2,7/9/24,M,HFD,10.3,2.3,8.03,2.7,2.665,12.60545,NA,9/20/24,2B_EEGAP,FOOD_REPLACEMENT,NA,NA,NA,NA,NA,13.56,D12451i,24072303i,NA
B00002447861,7861,6A,M5,2,7/9/24,M,HFD,10.3,2.3,8.73,5.4,1.665,7.87545,NA,9/20/24,2B_EEGAP,FOOD_REPLACEMENT,NA,NA,NA,NA,NA,9.41,D12451i,24072303i,NA
B00002447866,7866,6A,K7,2,7/9/24,M,HFD,10.3,2.3,7.83,2.53,2.65,12.5345,NA,9/20/24,2B_EEGAP,FOOD_REPLACEMENT,NA,NA,NA,NA,NA,13.3,D12451i,24072303i,NA
B00002447862,7862,6A,L7,2,7/9/24,M,HFD,10.3,2.3,9.4,2.64,3.38,15.9874,NA,9/20/24,2B_EEGAP,FOOD_REPLACEMENT,NA,NA,NA,NA,NA,14.08,D12451i,24072303i,NA
B00002447867,7867,6A,H8,2,7/9/24,M,HFD,10.3,2.3,8.99,3.35,2.82,13.3386,NA,9/20/24,2B_EEGAP,FOOD_REPLACEMENT,NA,NA,NA,NA,NA,13.12,D12451i,24072303i,NA
B00002447863,7863,6A,I8,2,7/9/24,M,HFD,10.3,2.3,11.65,8.04,1.805,8.53765,NA,9/20/24,2B_EEGAP,FOOD_REPLACEMENT,NA,NA,NA,NA,NA,10.65,D12451i,24072303i,NA
B00002447880,7880,6A,J8,2,7/9/24,F,LFD,10.3,2.3,12.99,7.9,2.545,9.7219,NA,9/20/24,2B_EEGAP,FOOD_REPLACEMENT,NA,NA,NA,NA,NA,13.1,D12450Ki,24080209i,NA
B00002447881,7881,6A,K7,2,7/9/24,F,LFD,10.3,2.3,9.43,3.89,2.77,10.5814,NA,9/20/24,2B_EEGAP,FOOD_REPLACEMENT,NA,NA,NA,NA,NA,12.67,D12450Ki,24080209i,NA
B00002447882,7882,6A,L9,2,7/9/24,F,LFD,10.3,2.3,14.5,9.87,2.315,8.8433,NA,9/20/24,2B_EEGAP,FOOD_REPLACEMENT,NA,NA,NA,NA,NA,12.69,D12450Ki,24080209i,NA
B00002447883,7883,6A,M9,2,7/9/24,F,LFD,10.3,2.3,9,4.37,2.315,8.8433,NA,9/20/24,2B_EEGAP,FOOD_REPLACEMENT,NA,NA,NA,NA,NA,15.24,D12450Ki,24080209i,NA
B00002447868,7868,6A,K8,2,7/9/24,M,LFD,10.3,2.3,14.16,8.13,3.015,11.5173,NA,9/20/24,2B_EEGAP,FOOD_REPLACEMENT,NA,NA,NA,NA,NA,12.4,D12450Ki,24080209i,NA
B00002447869,7869,6A,L8,2,7/9/24,M,LFD,10.3,2.3,12.24,6.72,2.76,10.5432,NA,9/20/24,2B_EEGAP,FOOD_REPLACEMENT,NA,NA,NA,NA,NA,12.23,D12450Ki,24080209i,NA
B00002447870,7870,6A,M8,2,7/9/24,M,LFD,10.3,2.3,11.31,5.72,2.795,10.6769,NA,9/20/24,2B_EEGAP,FOOD_REPLACEMENT,NA,NA,NA,NA,NA,14.34,D12450Ki,24080209i,NA
B00002447871,7871,6A,N9,2,7/9/24,M,LFD,10.3,2.3,8.72,0.86,3.93,15.0126,NA,9/20/24,2B_EEGAP,FOOD_REPLACEMENT,NA,NA,NA,NA,NA,17.58,D12450Ki,24080209i,NA
B00002447876,7876,6A,L4,2,7/9/24,F,HFD,10.5,2.5,14.84,8.56,2.093333333,9.901466667,NA,9/23/24,2B_EEGAP,FOOD_REPLACEMENT,NA,NA,NA,NA,NA,20.17,D12451i,24072303i,NA
B00002447872,7872,6A,M4,2,7/9/24,F,HFD,10.5,2.5,13.58,7.82,1.92,9.0816,NA,9/23/24,2B_EEGAP,FOOD_REPLACEMENT,NA,NA,NA,NA,NA,20.19,D12451i,24072303i,NA
B00002447877,7877,6A,N8,2,7/9/24,F,HFD,10.5,2.5,14.18,7.53,2.216666667,10.48483333,NA,9/23/24,2B_EEGAP,FOOD_REPLACEMENT,NA,NA,NA,NA,NA,21.6,D12451i,24072303i,NA
B00002447878,7878,6A,H9,2,7/9/24,F,HFD,10.5,2.5,10.35,3.28,2.356666667,11.14703333,NA,9/23/24,2B_EEGAP,FOOD_REPLACEMENT,NA,NA,NA,NA,NA,20.65,D12451i,24072303i,NA
B00002447873,7873,6A,N4,2,7/9/24,F,HFD,10.5,2.5,13.49,5.66,2.61,12.3453,NA,9/23/24,2B_EEGAP,FOOD_REPLACEMENT,NA,NA,NA,NA,NA,20.7,D12451i,24072303i,NA
B00002447874,7874,6A,H5,2,7/9/24,F,HFD,10.5,2.5,12.77,7.09,1.893333333,8.955466667,NA,9/23/24,2B_EEGAP,FOOD_REPLACEMENT,NA,NA,NA,NA,NA,20.68,D12451i,24072303i,NA
B00002447875,7875,6A,G5,2,7/9/24,F,HFD,10.5,2.5,10.71,4.19,2.173333333,10.27986667,NA,9/23/24,2B_EEGAP,FOOD_REPLACEMENT,NA,NA,NA,NA,NA,20.78,D12451i,24072303i,NA
B00002447879,7879,6A,K5,2,7/9/24,F,HFD,10.5,2.5,12.05,4.96,2.363333333,11.17856667,NA,9/23/24,2B_EEGAP,FOOD_REPLACEMENT,NA,NA,NA,NA,NA,20.5,D12451i,24072303i,NA
B00002447864,7864,6A,I9,2,7/9/24,M,HFD,10.5,2.5,9.37,2.09,2.426666667,11.47813333,NA,9/23/24,2B_EEGAP,FOOD_REPLACEMENT,NA,NA,NA,NA,NA,21.03,D12451i,24072303i,NA
B00002447865,7865,6A,J9,2,7/9/24,M,HFD,10.5,2.5,13.06,3.26,3.266666667,15.45133333,NA,9/23/24,2B_EEGAP,FOOD_REPLACEMENT,NA,NA,NA,NA,NA,26.18,D12451i,24072303i,NA
B00002447860,7860,6A,L5,2,7/9/24,M,HFD,10.5,2.5,13.56,6.11,2.483333333,11.74616667,NA,9/23/24,2B_EEGAP,FOOD_REPLACEMENT,NA,NA,NA,NA,NA,20.3,D12451i,24072303i,NA
B00002447861,7861,6A,M5,2,7/9/24,M,HFD,10.5,2.5,9.41,0.8,2.87,13.5751,NA,9/23/24,2B_EEGAP,FOOD_REPLACEMENT,NA,NA,NA,NA,NA,24.53,D12451i,24072303i,NA
B00002447866,7866,6A,K7,2,7/9/24,M,HFD,10.5,2.5,13.3,6.81,2.163333333,10.23256667,NA,9/23/24,2B_EEGAP,FOOD_REPLACEMENT,NA,NA,NA,NA,NA,20.09,D12451i,24072303i,NA
B00002447862,7862,6A,L7,2,7/9/24,M,HFD,10.5,2.5,14.08,5.53,2.85,13.4805,NA,9/23/24,2B_EEGAP,FOOD_REPLACEMENT,NA,NA,NA,NA,NA,22.56,D12451i,24072303i,NA
B00002447867,7867,6A,H8,2,7/9/24,M,HFD,10.5,2.5,13.12,6.08,2.346666667,11.09973333,NA,9/23/24,2B_EEGAP,FOOD_REPLACEMENT,NA,NA,NA,NA,NA,20.77,D12451i,24072303i,NA
B00002447863,7863,6A,I8,2,7/9/24,M,HFD,10.5,2.5,10.65,3.21,2.48,11.7304,NA,9/23/24,2B_EEGAP,FOOD_REPLACEMENT,NA,NA,NA,NA,NA,21.37,D12451i,24072303i,NA
B00002447880,7880,6A,J8,2,7/9/24,F,LFD,10.5,2.5,13.1,4.63,2.823333333,10.78513333,NA,9/23/24,2B_EEGAP,FOOD_REPLACEMENT,NA,NA,NA,NA,NA,24.31,D12450Ki,24080209i,NA
B00002447881,7881,6A,K7,2,7/9/24,F,LFD,10.5,2.5,12.67,4.85,2.606666667,9.957466667,NA,9/23/24,2B_EEGAP,FOOD_REPLACEMENT,NA,NA,NA,NA,NA,22.22,D12450Ki,24080209i,NA
B00002447882,7882,6A,L9,2,7/9/24,F,LFD,10.5,2.5,12.69,4.63,2.686666667,10.26306667,NA,9/23/24,2B_EEGAP,FOOD_REPLACEMENT,NA,NA,NA,NA,NA,22.05,D12450Ki,24080209i,NA
B00002447883,7883,6A,M9,2,7/9/24,F,LFD,10.5,2.5,15.24,7.74,2.5,9.55,NA,9/23/24,2B_EEGAP,FOOD_REPLACEMENT,NA,NA,NA,NA,NA,21.43,D12450Ki,24080209i,NA
B00002447868,7868,6A,K8,2,7/9/24,M,LFD,10.5,2.5,12.4,3.91,2.83,10.8106,NA,9/23/24,2B_EEGAP,FOOD_REPLACEMENT,NA,NA,NA,NA,NA,23.12,D12450Ki,24080209i,NA
B00002447869,7869,6A,L8,2,7/9/24,M,LFD,10.5,2.5,12.23,3.21,3.006666667,11.48546667,NA,9/23/24,2B_EEGAP,FOOD_REPLACEMENT,NA,NA,NA,NA,NA,24.33,D12450Ki,24080209i,NA
B00002447870,7870,6A,M8,2,7/9/24,M,LFD,10.5,2.5,14.34,7.68,2.22,8.4804,NA,9/23/24,2B_EEGAP,FOOD_REPLACEMENT,NA,NA,NA,NA,NA,21.52,D12450Ki,24080209i,NA
B00002447871,7871,6A,N9,2,7/9/24,M,LFD,10.5,2.5,17.58,7.7,3.293333333,12.58053333,NA,9/23/24,2B_EEGAP,FOOD_REPLACEMENT,NA,NA,NA,NA,NA,24.9,D12450Ki,24080209i,NA
B00002447876,7876,6A,L4,2,7/9/24,F,HFD,11,3,20.17,15.54,2.315,10.94995,17.82,9/25/24,2B_EEGAP,NA,NA,NA,NA,NA,NA,,D12451i,24072303i,NA
B00002447872,7872,6A,M4,2,7/9/24,F,HFD,11,3,20.19,16.3,1.945,9.19985,17.67,9/25/24,2B_EEGAP,NA,NA,NA,NA,NA,NA,,D12451i,24072303i,NA
B00002447877,7877,6A,N8,2,7/9/24,F,HFD,11,3,21.6,17.04,2.28,10.7844,19.47,9/25/24,2B_EEGAP,NA,NA,NA,NA,NA,NA,,D12451i,24072303i,NA
B00002447878,7878,6A,H9,2,7/9/24,F,HFD,11,3,20.65,15.97,2.34,11.0682,18.55,9/25/24,2B_EEGAP,NA,NA,NA,NA,NA,NA,,D12451i,24072303i,NA
B00002447873,7873,6A,N4,2,7/9/24,F,HFD,11,3,20.7,15.94,2.38,11.2574,19.74,9/25/24,2B_EEGAP,NA,NA,NA,NA,NA,NA,,D12451i,24072303i,NA
B00002447874,7874,6A,H5,2,7/9/24,F,HFD,11,3,20.68,16.71,1.985,9.38905,18.28,9/25/24,2B_EEGAP,NA,NA,NA,NA,NA,NA,,D12451i,24072303i,NA
B00002447875,7875,6A,G5,2,7/9/24,F,HFD,11,3,20.78,16,2.39,11.3047,19.01,9/25/24,2B_EEGAP,NA,NA,NA,NA,NA,NA,,D12451i,24072303i,NA
B00002447879,7879,6A,K5,2,7/9/24,F,HFD,11,3,20.5,15.25,2.625,12.41625,19.26,9/25/24,2B_EEGAP,NA,NA,NA,NA,NA,NA,,D12451i,24072303i,NA
B00002447864,7864,6A,I9,2,7/9/24,M,HFD,11,3,21.03,15.61,2.71,12.8183,25.44,9/25/24,2B_EEGAP,NA,NA,NA,NA,NA,NA,,D12451i,24072303i,NA
B00002447865,7865,6A,J9,2,7/9/24,M,HFD,11,3,26.18,18.94,3.62,17.1226,29.09,9/25/24,2B_EEGAP,NA,NA,NA,NA,NA,NA,,D12451i,24072303i,NA
B00002447860,7860,6A,L5,2,7/9/24,M,HFD,11,3,20.3,14.31,2.995,14.16635,26.75,9/25/24,2B_EEGAP,NA,NA,NA,NA,NA,NA,,D12451i,24072303i,NA
B00002447861,7861,6A,M5,2,7/9/24,M,HFD,11,3,24.53,18.17,3.18,15.0414,26.75,9/25/24,2B_EEGAP,NA,NA,NA,NA,NA,NA,,D12451i,24072303i,NA
B00002447866,7866,6A,K7,2,7/9/24,M,HFD,11,3,20.09,15.9,2.095,9.90935,23.65,9/25/24,2B_EEGAP,NA,NA,NA,NA,NA,NA,,D12451i,24072303i,NA
B00002447862,7862,6A,L7,2,7/9/24,M,HFD,11,3,22.56,16.48,3.04,14.3792,26.16,9/25/24,2B_EEGAP,NA,NA,NA,NA,NA,NA,,D12451i,24072303i,NA
B00002447867,7867,6A,H8,2,7/9/24,M,HFD,11,3,20.77,15.44,2.665,12.60545,24.83,9/25/24,2B_EEGAP,NA,NA,NA,NA,NA,NA,,D12451i,24072303i,NA
B00002447863,7863,6A,I8,2,7/9/24,M,HFD,11,3,21.37,16.9,2.235,10.57155,28.12,9/25/24,2B_EEGAP,NA,NA,NA,NA,NA,NA,,D12451i,24072303i,NA
B00002447880,7880,6A,J8,2,7/9/24,F,LFD,11,3,24.31,20.86,1.725,6.5895,17.44,9/25/24,2B_EEGAP,NA,NA,NA,NA,NA,NA,,D12450Ki,24080209i,NA
B00002447881,7881,6A,K7,2,7/9/24,F,LFD,11,3,22.22,17.36,2.43,9.2826,17.99,9/25/24,2B_EEGAP,NA,NA,NA,NA,NA,NA,,D12450Ki,24080209i,NA
B00002447882,7882,6A,L9,2,7/9/24,F,LFD,11,3,22.05,18.22,1.915,7.3153,17.6,9/25/24,2B_EEGAP,NA,NA,NA,NA,NA,NA,,D12450Ki,24080209i,NA
B00002447883,7883,6A,M9,2,7/9/24,F,LFD,11,3,21.43,16.14,2.645,10.1039,18.14,9/25/24,2B_EEGAP,NA,NA,NA,NA,NA,NA,,D12450Ki,24080209i,NA
B00002447868,7868,6A,K8,2,7/9/24,M,LFD,11,3,23.12,18.73,2.195,8.3849,23.48,9/25/24,2B_EEGAP,NA,NA,NA,NA,NA,NA,,D12450Ki,24080209i,NA
B00002447869,7869,6A,L8,2,7/9/24,M,LFD,11,3,24.33,19.6,2.365,9.0343,23.57,9/25/24,2B_EEGAP,NA,NA,NA,NA,NA,NA,,D12450Ki,24080209i,NA
B00002447870,7870,6A,M8,2,7/9/24,M,LFD,11,3,21.52,17.4,2.06,7.8692,20.9,9/25/24,2B_EEGAP,NA,NA,NA,NA,NA,NA,,D12450Ki,24080209i,NA
B00002447871,7871,6A,N9,2,7/9/24,M,LFD,11,3,24.9,19.47,2.715,10.3713,27.4,9/25/24,2B_EEGAP,NA,NA,NA,NA,NA,NA,,D12450Ki,24080209i,NA
B00002447876,7876,6A,L4,2,7/9/24,F,HFD,11.3,3.3,15.54,11.18,2.18,10.3114,NA,9/27/24,2B_EEGAP,FOOD_REPLACEMENT,NA,NA,NA,NA,NA,10.39,D12451i,24072303i,NA
B00002447872,7872,6A,M4,2,7/9/24,F,HFD,11.3,3.3,16.3,11.39,2.455,11.61215,NA,9/27/24,2B_EEGAP,FOOD_REPLACEMENT,NA,NA,NA,NA,NA,13.4,D12451i,24072303i,NA
B00002447877,7877,6A,N8,2,7/9/24,F,HFD,11.3,3.3,17.04,12.19,2.425,11.47025,NA,9/27/24,2B_EEGAP,FOOD_REPLACEMENT,NA,NA,NA,NA,NA,13.52,D12451i,24072303i,NA
B00002447878,7878,6A,H9,2,7/9/24,F,HFD,11.3,3.3,15.97,11.81,2.08,9.8384,NA,9/27/24,2B_EEGAP,FOOD_REPLACEMENT,NA,NA,NA,NA,NA,10.47,D12451i,24072303i,NA
B00002447873,7873,6A,N4,2,7/9/24,F,HFD,11.3,3.3,15.94,11.06,2.44,11.5412,NA,9/27/24,2B_EEGAP,FOOD_REPLACEMENT,NA,NA,NA,NA,NA,14.09,D12451i,24072303i,NA
B00002447874,7874,6A,H5,2,7/9/24,F,HFD,11.3,3.3,16.71,12.52,2.095,9.90935,NA,9/27/24,2B_EEGAP,FOOD_REPLACEMENT,NA,NA,NA,NA,NA,10.83,D12451i,24072303i,NA
B00002447875,7875,6A,G5,2,7/9/24,F,HFD,11.3,3.3,16,11.88,2.06,9.7438,NA,9/27/24,2B_EEGAP,FOOD_REPLACEMENT,NA,NA,NA,NA,NA,10.4,D12451i,24072303i,NA
B00002447879,7879,6A,K5,2,7/9/24,F,HFD,11.3,3.3,15.25,10.92,2.165,10.24045,NA,9/27/24,2B_EEGAP,FOOD_REPLACEMENT,NA,NA,NA,NA,NA,14.38,D12451i,24072303i,NA
B00002447864,7864,6A,I9,2,7/9/24,M,HFD,11.3,3.3,15.61,10.79,2.41,11.3993,NA,9/27/24,2B_EEGAP,FOOD_REPLACEMENT,NA,NA,NA,NA,NA,13.46,D12451i,24072303i,NA
B00002447865,7865,6A,J9,2,7/9/24,M,HFD,11.3,3.3,18.94,11.92,3.51,16.6023,NA,9/27/24,2B_EEGAP,FOOD_REPLACEMENT,NA,NA,NA,NA,NA,12.92,D12451i,24072303i,NA
B00002447860,7860,6A,L5,2,7/9/24,M,HFD,11.3,3.3,14.31,9.5,2.405,11.37565,NA,9/27/24,2B_EEGAP,FOOD_REPLACEMENT,NA,NA,NA,NA,NA,14.38,D12451i,24072303i,NA
B00002447861,7861,6A,M5,2,7/9/24,M,HFD,11.3,3.3,18.17,13.07,2.55,12.0615,NA,9/27/24,2B_EEGAP,FOOD_REPLACEMENT,NA,NA,NA,NA,NA,13.46,D12451i,24072303i,NA
B00002447866,7866,6A,K7,2,7/9/24,M,HFD,11.3,3.3,15.9,11.17,2.365,11.18645,NA,9/27/24,2B_EEGAP,FOOD_REPLACEMENT,NA,NA,NA,NA,NA,12.33,D12451i,24072303i,NA
B00002447862,7862,6A,L7,2,7/9/24,M,HFD,11.3,3.3,16.48,11.15,2.665,12.60545,NA,9/27/24,2B_EEGAP,FOOD_REPLACEMENT,NA,NA,NA,NA,NA,14.44,D12451i,24072303i,NA
B00002447867,7867,6A,H8,2,7/9/24,M,HFD,11.3,3.3,15.44,11.28,2.08,9.8384,NA,9/27/24,2B_EEGAP,FOOD_REPLACEMENT,NA,NA,NA,NA,NA,12.55,D12451i,24072303i,NA
B00002447863,7863,6A,I8,2,7/9/24,M,HFD,11.3,3.3,16.9,12.99,1.955,9.24715,NA,9/27/24,2B_EEGAP,FOOD_REPLACEMENT,NA,NA,NA,NA,NA,13.48,D12451i,24072303i,NA
B00002447880,7880,6A,J8,2,7/9/24,F,LFD,11.3,3.3,20.86,16.13,2.365,9.0343,NA,9/27/24,2B_EEGAP,FOOD_REPLACEMENT,NA,NA,NA,NA,NA,12.16,D12450Ki,24080209i,NA
B00002447881,7881,6A,K7,2,7/9/24,F,LFD,11.3,3.3,17.36,12.22,2.57,9.8174,NA,9/27/24,2B_EEGAP,FOOD_REPLACEMENT,NA,NA,NA,NA,NA,14.59,D12450Ki,24080209i,NA
B00002447882,7882,6A,L9,2,7/9/24,F,LFD,11.3,3.3,18.22,13.18,2.52,9.6264,NA,9/27/24,2B_EEGAP,FOOD_REPLACEMENT,NA,NA,NA,NA,NA,12.41,D12450Ki,24080209i,NA
B00002447883,7883,6A,M9,2,7/9/24,F,LFD,11.3,3.3,16.14,11,2.57,9.8174,NA,9/27/24,2B_EEGAP,FOOD_REPLACEMENT,NA,NA,NA,NA,NA,15.34,D12450Ki,24080209i,NA
B00002447868,7868,6A,K8,2,7/9/24,M,LFD,11.3,3.3,18.73,12.9,2.915,11.1353,NA,9/27/24,2B_EEGAP,FOOD_REPLACEMENT,NA,NA,NA,NA,NA,13.87,D12450Ki,24080209i,NA
B00002447869,7869,6A,L8,2,7/9/24,M,LFD,11.3,3.3,19.6,12.84,3.38,12.9116,NA,9/27/24,2B_EEGAP,FOOD_REPLACEMENT,NA,NA,NA,NA,NA,18.16,D12450Ki,24080209i,NA
B00002447870,7870,6A,M8,2,7/9/24,M,LFD,11.3,3.3,17.4,13.04,2.18,8.3276,NA,9/27/24,2B_EEGAP,FOOD_REPLACEMENT,NA,NA,NA,NA,NA,12.1,D12450Ki,24080209i,NA
B00002447871,7871,6A,N9,2,7/9/24,M,LFD,11.3,3.3,19.47,13.72,2.875,10.9825,NA,9/27/24,2B_EEGAP,FOOD_REPLACEMENT,NA,NA,NA,NA,NA,13.12,D12450Ki,24080209i,NA
B00002447876,7876,6A,L4,2,7/9/24,F,HFD,11.5,3.5,10.39,3.19,2.4,11.352,NA,9/30/24,2B_EEGAP,FOOD_REPLACEMENT,NA,NA,NA,NA,NA,13.73,D12451i,24072303i,NA
B00002447872,7872,6A,M4,2,7/9/24,F,HFD,11.5,3.5,13.4,8.15,1.75,8.2775,NA,9/30/24,2B_EEGAP,FOOD_REPLACEMENT,NA,NA,NA,NA,NA,13.18,D12451i,24072303i,NA
B00002447877,7877,6A,N8,2,7/9/24,F,HFD,11.5,3.5,13.52,6.84,2.226666667,10.53213333,NA,9/30/24,2B_EEGAP,FOOD_REPLACEMENT,NA,NA,NA,NA,NA,13.76,D12451i,24072303i,NA
B00002447878,7878,6A,H9,2,7/9/24,F,HFD,11.5,3.5,10.47,2.7,2.59,12.2507,NA,9/30/24,2B_EEGAP,FOOD_REPLACEMENT,NA,NA,NA,NA,NA,18,D12451i,24072303i,NA
B00002447873,7873,6A,N4,2,7/9/24,F,HFD,11.5,3.5,14.09,6.56,2.51,11.8723,NA,9/30/24,2B_EEGAP,FOOD_REPLACEMENT,NA,NA,NA,NA,NA,16.59,D12451i,24072303i,NA
B00002447874,7874,6A,H5,2,7/9/24,F,HFD,11.5,3.5,10.83,4.06,2.256666667,10.67403333,NA,9/30/24,2B_EEGAP,FOOD_REPLACEMENT,NA,NA,NA,NA,NA,13.9,D12451i,24072303i,NA
B00002447875,7875,6A,G5,2,7/9/24,F,HFD,11.5,3.5,10.4,3.16,2.413333333,11.41506667,NA,9/30/24,2B_EEGAP,FOOD_REPLACEMENT,NA,NA,NA,NA,NA,19.48,D12451i,24072303i,NA
B00002447879,7879,6A,K5,2,7/9/24,F,HFD,11.5,3.5,14.38,7,2.46,11.6358,NA,9/30/24,2B_EEGAP,FOOD_REPLACEMENT,NA,NA,NA,NA,NA,13.57,D12451i,24072303i,NA
B00002447864,7864,6A,I9,2,7/9/24,M,HFD,11.5,3.5,13.46,5.93,2.51,11.8723,NA,9/30/24,2B_EEGAP,FOOD_REPLACEMENT,NA,NA,NA,NA,NA,14.69,D12451i,24072303i,NA
B00002447865,7865,6A,J9,2,7/9/24,M,HFD,11.5,3.5,12.92,2.93,3.33,15.7509,NA,9/30/24,2B_EEGAP,FOOD_REPLACEMENT,NA,NA,NA,NA,NA,19.9,D12451i,24072303i,NA
B00002447860,7860,6A,L5,2,7/9/24,M,HFD,11.5,3.5,14.38,5.75,2.876666667,13.60663333,NA,9/30/24,2B_EEGAP,FOOD_REPLACEMENT,NA,NA,NA,NA,NA,18.08,D12451i,24072303i,NA
B00002447861,7861,6A,M5,2,7/9/24,M,HFD,11.5,3.5,13.46,5.13,2.776666667,13.13363333,NA,9/30/24,2B_EEGAP,FOOD_REPLACEMENT,NA,NA,NA,NA,NA,17.47,D12451i,24072303i,NA
B00002447866,7866,6A,K7,2,7/9/24,M,HFD,11.5,3.5,12.33,5.29,2.346666667,11.09973333,NA,9/30/24,2B_EEGAP,FOOD_REPLACEMENT,NA,NA,NA,NA,NA,14.28,D12451i,24072303i,NA
B00002447862,7862,6A,L7,2,7/9/24,M,HFD,11.5,3.5,14.44,5.83,2.87,13.5751,NA,9/30/24,2B_EEGAP,FOOD_REPLACEMENT,NA,NA,NA,NA,NA,17.85,D12451i,24072303i,NA
B00002447867,7867,6A,H8,2,7/9/24,M,HFD,11.5,3.5,12.55,4.64,2.636666667,12.47143333,NA,9/30/24,2B_EEGAP,FOOD_REPLACEMENT,NA,NA,NA,NA,NA,17.22,D12451i,24072303i,NA
B00002447863,7863,6A,I8,2,7/9/24,M,HFD,11.5,3.5,13.48,6.07,2.47,11.6831,NA,9/30/24,2B_EEGAP,FOOD_REPLACEMENT,NA,NA,NA,NA,NA,16.98,D12451i,24072303i,NA
B00002447880,7880,6A,J8,2,7/9/24,F,LFD,11.5,3.5,12.16,3.96,2.733333333,10.44133333,NA,9/30/24,2B_EEGAP,FOOD_REPLACEMENT,NA,NA,NA,NA,NA,16.9,D12450Ki,24080209i,NA
B00002447881,7881,6A,K7,2,7/9/24,F,LFD,11.5,3.5,14.59,6.54,2.683333333,10.25033333,NA,9/30/24,2B_EEGAP,FOOD_REPLACEMENT,NA,NA,NA,NA,NA,15.81,D12450Ki,24080209i,NA
B00002447882,7882,6A,L9,2,7/9/24,F,LFD,11.5,3.5,12.41,4.93,2.493333333,9.524533333,NA,9/30/24,2B_EEGAP,FOOD_REPLACEMENT,NA,NA,NA,NA,NA,13.63,D12450Ki,24080209i,NA
B00002447883,7883,6A,M9,2,7/9/24,F,LFD,11.5,3.5,15.34,8.12,2.406666667,9.193466667,NA,9/30/24,2B_EEGAP,FOOD_REPLACEMENT,NA,NA,NA,NA,NA,15.24,D12450Ki,24080209i,NA
B00002447868,7868,6A,K8,2,7/9/24,M,LFD,11.5,3.5,13.87,5.22,2.883333333,11.01433333,NA,9/30/24,2B_EEGAP,FOOD_REPLACEMENT,NA,NA,NA,NA,NA,14.33,D12450Ki,24080209i,NA
B00002447869,7869,6A,L8,2,7/9/24,M,LFD,11.5,3.5,18.16,9.88,2.76,10.5432,NA,9/30/24,2B_EEGAP,FOOD_REPLACEMENT,NA,NA,NA,NA,NA,17.15,D12450Ki,24080209i,NA
B00002447870,7870,6A,M8,2,7/9/24,M,LFD,11.5,3.5,12.1,3.28,2.94,11.2308,NA,9/30/24,2B_EEGAP,FOOD_REPLACEMENT,NA,NA,NA,NA,NA,15.74,D12450Ki,24080209i,NA
B00002447871,7871,6A,N9,2,7/9/24,M,LFD,11.5,3.5,13.12,9.87,1.083333333,4.138333333,NA,9/30/24,2B_EEGAP,FOOD_REPLACEMENT,NA,NA,NA,NA,NA,14.93,D12450Ki,24080209i,NA
B00002447876,7876,6A,L4,2,7/9/24,F,HFD,12,4,13.73,9.07,2.33,11.0209,18.88,10/2/24,2B_EEGAP,NA,NA,NA,NA,NA,NA,NA,D12451i,24072303i,NEW_RELOCATION_IN_RACK
B00002447872,7872,6A,M4,2,7/9/24,F,HFD,12,4,13.18,8.81,2.185,10.33505,18.14,10/2/24,2B_EEGAP,NA,NA,NA,NA,NA,NA,NA,D12451i,24072303i,NEW_RELOCATION_IN_RACK
B00002447877,7877,6A,N4,2,7/9/24,F,HFD,12,4,13.76,8.57,2.595,12.27435,20.16,10/2/24,2B_EEGAP,NA,NA,NA,NA,NA,NA,NA,D12451i,24072303i,NEW_RELOCATION_IN_RACK
B00002447878,7878,6A,H5,2,7/9/24,F,HFD,12,4,18,13.76,2.12,10.0276,19.15,10/2/24,2B_EEGAP,NA,NA,NA,NA,NA,NA,NA,D12451i,24072303i,NEW_RELOCATION_IN_RACK
B00002447873,7873,6A,J5,2,7/9/24,F,HFD,12,4,16.59,11.33,2.63,12.4399,20.06,10/2/24,2B_EEGAP,NA,NA,NA,NA,NA,NA,NA,D12451i,24072303i,NEW_RELOCATION_IN_RACK
B00002447874,7874,6A,K5,2,7/9/24,F,HFD,12,4,13.9,9.92,1.99,9.4127,19.07,10/2/24,2B_EEGAP,NA,NA,NA,NA,NA,NA,NA,D12451i,24072303i,NEW_RELOCATION_IN_RACK
B00002447875,7875,6A,L5,2,7/9/24,F,HFD,12,4,19.48,10.61,4.435,20.97755,19.06,10/2/24,2B_EEGAP,NA,NA,NA,NA,NA,NA,NA,D12451i,24072303i,NEW_RELOCATION_IN_RACK
B00002447879,7879,6A,M5,2,7/9/24,F,HFD,12,4,13.57,8.24,2.665,12.60545,19.72,10/2/24,2B_EEGAP,NA,NA,NA,NA,NA,NA,NA,D12451i,24072303i,NEW_RELOCATION_IN_RACK
B00002447864,7864,6A,H6,2,7/9/24,M,HFD,12,4,14.69,7.84,3.425,16.20025,27.26,10/2/24,2B_EEGAP,NA,NA,NA,NA,NA,NA,NA,D12451i,24072303i,NEW_RELOCATION_IN_RACK
B00002447865,7865,6A,I6,2,7/9/24,M,HFD,12,4,19.9,12.57,3.665,17.33545,31.3,10/2/24,2B_EEGAP,NA,NA,NA,NA,NA,NA,NA,D12451i,24072303i,NEW_RELOCATION_IN_RACK
B00002447860,7860,6A,J6,2,7/9/24,M,HFD,12,4,18.08,11.39,3.345,15.82185,29.53,10/2/24,2B_EEGAP,NA,NA,NA,NA,NA,NA,NA,D12451i,24072303i,NEW_RELOCATION_IN_RACK
B00002447861,7861,6A,K6,2,7/9/24,M,HFD,12,4,17.47,10.35,3.56,16.8388,28.96,10/2/24,2B_EEGAP,NA,NA,NA,NA,NA,NA,NA,D12451i,24072303i,NEW_RELOCATION_IN_RACK
B00002447866,7866,6A,L6,2,7/9/24,M,HFD,12,4,14.28,9.78,2.25,10.6425,24.26,10/2/24,2B_EEGAP,NA,NA,NA,NA,NA,NA,NA,D12451i,24072303i,NEW_RELOCATION_IN_RACK
B00002447862,7862,6A,M6,2,7/9/24,M,HFD,12,4,17.85,11.56,3.145,14.87585,27.08,10/2/24,2B_EEGAP,NA,NA,NA,NA,NA,NA,NA,D12451i,24072303i,NEW_RELOCATION_IN_RACK
B00002447867,7867,6A,N6,2,7/9/24,M,HFD,12,4,17.22,11.4,2.91,13.7643,25.99,10/2/24,2B_EEGAP,NA,NA,NA,NA,NA,NA,NA,D12451i,24072303i,NEW_RELOCATION_IN_RACK
B00002447863,7863,6A,H7,2,7/9/24,M,HFD,12,4,16.98,11.48,2.75,13.0075,29.45,10/2/24,2B_EEGAP,NA,NA,NA,NA,NA,NA,NA,D12451i,24072303i,NEW_RELOCATION_IN_RACK
B00002447880,7880,6A,I7,2,7/9/24,F,LFD,12,4,16.9,12.19,2.355,8.9961,17.67,10/2/24,2B_EEGAP,NA,NA,NA,NA,NA,NA,NA,D12450Ki,24080209i,NEW_RELOCATION_IN_RACK
B00002447881,7881,6A,J7,2,7/9/24,F,LFD,12,4,15.81,10.3,2.755,10.5241,18.48,10/2/24,2B_EEGAP,NA,NA,NA,NA,NA,NA,NA,D12450Ki,24080209i,NEW_RELOCATION_IN_RACK
B00002447882,7882,6A,K7,2,7/9/24,F,LFD,12,4,13.63,8.53,2.55,9.741,17.35,10/2/24,2B_EEGAP,NA,NA,NA,NA,NA,NA,NA,D12450Ki,24080209i,NEW_RELOCATION_IN_RACK
B00002447883,7883,6A,L7,2,7/9/24,F,LFD,12,4,15.24,10.63,2.305,8.8051,17.8,10/2/24,2B_EEGAP,NA,NA,NA,NA,NA,NA,NA,D12450Ki,24080209i,NEW_RELOCATION_IN_RACK
B00002447868,7868,6A,M7,2,7/9/24,M,LFD,12,4,14.33,9.2,2.565,9.7983,23.87,10/2/24,2B_EEGAP,NA,NA,NA,NA,NA,NA,NA,D12450Ki,24080209i,NEW_RELOCATION_IN_RACK
B00002447869,7869,6A,N7,2,7/9/24,M,LFD,12,4,17.15,11.92,2.615,9.9893,23.66,10/2/24,2B_EEGAP,NA,NA,NA,NA,NA,NA,NA,D12450Ki,24080209i,NEW_RELOCATION_IN_RACK
B00002447870,7870,6A,H8,2,7/9/24,M,LFD,12,4,15.74,10.85,2.445,9.3399,21.38,10/2/24,2B_EEGAP,NA,NA,NA,NA,NA,NA,NA,D12450Ki,24080209i,NEW_RELOCATION_IN_RACK
B00002447871,7871,6A,I8,2,7/9/24,M,LFD,12,4,14.93,8.73,3.1,11.842,27.14,10/2/24,2B_EEGAP,NA,NA,NA,NA,NA,NA,NA,D12450Ki,24080209i,NEW_RELOCATION_IN_RACK
B00002447876,7876,6A,L4,2,7/9/24,F,HFD,12.3,4.3,9.07,4.34,2.365,11.18645,NA,10/4/24,2B_EEGAP,FOOD_REPLACEMENT,NA,NA,NA,NA,NA,11.08,D12451i,24072303i,
B00002447872,7872,6A,M4,2,7/9/24,F,HFD,12.3,4.3,8.81,4.4,2.205,10.42965,NA,10/4/24,2B_EEGAP,FOOD_REPLACEMENT,NA,NA,NA,NA,NA,10.45,D12451i,24072303i,
B00002447877,7877,6A,N4,2,7/9/24,F,HFD,12.3,4.3,8.57,4.08,2.245,10.61885,NA,10/4/24,2B_EEGAP,FOOD_REPLACEMENT,NA,NA,NA,NA,NA,11.82,D12451i,24072303i,
B00002447878,7878,6A,H5,2,7/9/24,F,HFD,12.3,4.3,13.76,9.73,2.015,9.53095,NA,10/4/24,2B_EEGAP,FOOD_REPLACEMENT,NA,NA,NA,NA,NA,10.65,D12451i,24072303i,
B00002447873,7873,6A,J5,2,7/9/24,F,HFD,12.3,4.3,11.33,6.19,2.57,12.1561,NA,10/4/24,2B_EEGAP,FOOD_REPLACEMENT,NA,NA,NA,NA,NA,14.19,D12451i,24072303i,
B00002447874,7874,6A,K5,2,7/9/24,F,HFD,12.3,4.3,9.92,5.5,2.21,10.4533,NA,10/4/24,2B_EEGAP,FOOD_REPLACEMENT,NA,NA,NA,NA,NA,10.43,D12451i,24072303i,
B00002447875,7875,6A,L5,2,7/9/24,F,HFD,12.3,4.3,10.61,5.29,2.66,12.5818,NA,10/4/24,2B_EEGAP,FOOD_REPLACEMENT,NA,NA,NA,NA,NA,11.02,D12451i,24072303i,
B00002447879,7879,6A,M5,2,7/9/24,F,HFD,12.3,4.3,8.24,3.14,2.55,12.0615,NA,10/4/24,2B_EEGAP,FOOD_REPLACEMENT,NA,NA,NA,NA,NA,13.57,D12451i,24072303i,
B00002447864,7864,6A,H6,2,7/9/24,M,HFD,12.3,4.3,7.84,3.53,2.155,10.19315,NA,10/4/24,2B_EEGAP,FOOD_REPLACEMENT,NA,NA,NA,NA,NA,10.01,D12451i,24072303i,
B00002447865,7865,6A,I6,2,7/9/24,M,HFD,12.3,4.3,12.57,6.65,2.96,14.0008,NA,10/4/24,2B_EEGAP,FOOD_REPLACEMENT,NA,NA,NA,NA,NA,13.42,D12451i,24072303i,
B00002447860,7860,6A,J6,2,7/9/24,M,HFD,12.3,4.3,11.39,6.78,2.305,10.90265,NA,10/4/24,2B_EEGAP,FOOD_REPLACEMENT,NA,NA,NA,NA,NA,12.9,D12451i,24072303i,
B00002447861,7861,6A,K6,2,7/9/24,M,HFD,12.3,4.3,10.35,6.28,2.035,9.62555,NA,10/4/24,2B_EEGAP,FOOD_REPLACEMENT,NA,NA,NA,NA,NA,11.08,D12451i,24072303i,
B00002447866,7866,6A,L6,2,7/9/24,M,HFD,12.3,4.3,9.78,5.02,2.38,11.2574,NA,10/4/24,2B_EEGAP,FOOD_REPLACEMENT,NA,NA,NA,NA,NA,12.02,D12451i,24072303i,
B00002447862,7862,6A,M6,2,7/9/24,M,HFD,12.3,4.3,11.56,7.02,2.27,10.7371,NA,10/4/24,2B_EEGAP,FOOD_REPLACEMENT,NA,NA,NA,NA,NA,10.7,D12451i,24072303i,
B00002447867,7867,6A,N6,2,7/9/24,M,HFD,12.3,4.3,11.4,7.37,2.015,9.53095,NA,10/4/24,2B_EEGAP,FOOD_REPLACEMENT,NA,NA,NA,NA,NA,10.97,D12451i,24072303i,
B00002447863,7863,6A,H7,2,7/9/24,M,HFD,12.3,4.3,11.48,7.92,1.78,8.4194,NA,10/4/24,2B_EEGAP,FOOD_REPLACEMENT,NA,NA,NA,NA,NA,13.34,D12451i,24072303i,
B00002447880,7880,6A,I7,2,7/9/24,F,LFD,12.3,4.3,12.19,6.67,2.76,10.5432,NA,10/4/24,2B_EEGAP,FOOD_REPLACEMENT,NA,NA,NA,NA,NA,14.53,D12450Ki,24080209i,
B00002447881,7881,6A,J7,2,7/9/24,F,LFD,12.3,4.3,10.3,4.68,2.81,10.7342,NA,10/4/24,2B_EEGAP,FOOD_REPLACEMENT,NA,NA,NA,NA,NA,15.01,D12450Ki,24080209i,
B00002447882,7882,6A,K7,2,7/9/24,F,LFD,12.3,4.3,8.53,3.03,2.75,10.505,NA,10/4/24,2B_EEGAP,FOOD_REPLACEMENT,NA,NA,NA,NA,NA,14.84,D12450Ki,24080209i,
B00002447883,7883,6A,L7,2,7/9/24,F,LFD,12.3,4.3,10.63,5.03,2.8,10.696,NA,10/4/24,2B_EEGAP,FOOD_REPLACEMENT,NA,NA,NA,NA,NA,14.33,D12450Ki,24080209i,
B00002447868,7868,6A,M7,2,7/9/24,M,LFD,12.3,4.3,9.2,3.4,2.9,11.078,NA,10/4/24,2B_EEGAP,FOOD_REPLACEMENT,NA,NA,NA,NA,NA,11.78,D12450Ki,24080209i,
B00002447869,7869,6A,N7,2,7/9/24,M,LFD,12.3,4.3,11.92,5.64,3.14,11.9948,NA,10/4/24,2B_EEGAP,FOOD_REPLACEMENT,NA,NA,NA,NA,NA,15.57,D12450Ki,24080209i,
B00002447870,7870,6A,H8,2,7/9/24,M,LFD,12.3,4.3,10.85,5.33,2.76,10.5432,NA,10/4/24,2B_EEGAP,FOOD_REPLACEMENT,NA,NA,NA,NA,NA,13.3,D12450Ki,24080209i,
B00002447871,7871,6A,I8,2,7/9/24,M,LFD,12.3,4.3,8.73,2.47,3.13,11.9566,NA,10/4/24,2B_EEGAP,FOOD_REPLACEMENT,NA,NA,NA,NA,NA,13.93,D12450Ki,24080209i,
B00002447876,7876,6A,L4,2,7/9/24,F,HFD,12.5,4.5,11.08,3.31,2.59,12.2507,NA,10/7/24,2B_EEGAP,FOOD_REPLACEMENT,NA,NA,NA,NA,NA,14.37,D12451i,24072303i,
B00002447872,7872,6A,M4,2,7/9/24,F,HFD,12.5,4.5,10.45,4.48,1.99,9.4127,NA,10/7/24,2B_EEGAP,FOOD_REPLACEMENT,NA,NA,NA,NA,NA,14.05,D12451i,24072303i,
B00002447877,7877,6A,N4,2,7/9/24,F,HFD,12.5,4.5,11.82,4.15,2.556666667,12.09303333,NA,10/7/24,2B_EEGAP,FOOD_REPLACEMENT,NA,NA,NA,NA,NA,16.62,D12451i,24072303i,
B00002447878,7878,6A,H5,2,7/9/24,F,HFD,12.5,4.5,10.65,3,2.55,12.0615,NA,10/7/24,2B_EEGAP,FOOD_REPLACEMENT,NA,NA,NA,NA,NA,13.99,D12451i,24072303i,
B00002447873,7873,6A,J5,2,7/9/24,F,HFD,12.5,4.5,14.19,7.3,2.296666667,10.86323333,NA,10/7/24,2B_EEGAP,FOOD_REPLACEMENT,NA,NA,NA,NA,NA,14.84,D12451i,24072303i,
B00002447874,7874,6A,K5,2,7/9/24,F,HFD,12.5,4.5,10.43,3.41,2.34,11.0682,NA,10/7/24,2B_EEGAP,FOOD_REPLACEMENT,NA,NA,NA,NA,NA,12.96,D12451i,24072303i,
B00002447875,7875,6A,L5,2,7/9/24,F,HFD,12.5,4.5,11.02,2.89,2.71,12.8183,NA,10/7/24,2B_EEGAP,FOOD_REPLACEMENT,NA,NA,NA,NA,NA,14.26,D12451i,24072303i,
B00002447879,7879,6A,M5,2,7/9/24,F,HFD,12.5,4.5,13.57,6.31,2.42,11.4466,NA,10/7/24,2B_EEGAP,FOOD_REPLACEMENT,NA,NA,NA,NA,NA,14.04,D12451i,24072303i,
B00002447864,7864,6A,H6,2,7/9/24,M,HFD,12.5,4.5,10.01,1.95,2.686666667,12.70793333,NA,10/7/24,2B_EEGAP,FOOD_REPLACEMENT,NA,NA,NA,NA,NA,14.09,D12451i,24072303i,
B00002447865,7865,6A,I6,2,7/9/24,M,HFD,12.5,4.5,13.42,3.86,3.186666667,15.07293333,NA,10/7/24,2B_EEGAP,FOOD_REPLACEMENT,NA,NA,NA,NA,NA,16.92,D12451i,24072303i,
B00002447860,7860,6A,J6,2,7/9/24,M,HFD,12.5,4.5,12.9,4.57,2.776666667,13.13363333,NA,10/7/24,2B_EEGAP,FOOD_REPLACEMENT,NA,NA,NA,NA,NA,14.25,D12451i,24072303i,
B00002447861,7861,6A,K6,2,7/9/24,M,HFD,12.5,4.5,11.08,3.94,2.38,11.2574,NA,10/7/24,2B_EEGAP,FOOD_REPLACEMENT,NA,NA,NA,NA,NA,15.34,D12451i,24072303i,
B00002447866,7866,6A,L6,2,7/9/24,M,HFD,12.5,4.5,12.02,5.03,2.33,11.0209,NA,10/7/24,2B_EEGAP,FOOD_REPLACEMENT,NA,NA,NA,NA,NA,13.74,D12451i,24072303i,
B00002447862,7862,6A,M6,2,7/9/24,M,HFD,12.5,4.5,10.7,0.68,3.34,15.7982,NA,10/7/24,2B_EEGAP,FOOD_REPLACEMENT,NA,NA,NA,NA,NA,17.3,D12451i,24072303i,
B00002447867,7867,6A,N6,2,7/9/24,M,HFD,12.5,4.5,10.97,3.39,2.526666667,11.95113333,NA,10/7/24,2B_EEGAP,FOOD_REPLACEMENT,NA,NA,NA,NA,NA,14.22,D12451i,24072303i,
B00002447863,7863,6A,H7,2,7/9/24,M,HFD,12.5,4.5,13.34,6.22,2.373333333,11.22586667,NA,10/7/24,2B_EEGAP,FOOD_REPLACEMENT,NA,NA,NA,NA,NA,16.45,D12451i,24072303i,
B00002447880,7880,6A,I7,2,7/9/24,F,LFD,12.5,4.5,14.53,6.49,2.68,10.2376,NA,10/7/24,2B_EEGAP,FOOD_REPLACEMENT,NA,NA,NA,NA,NA,13,D12450Ki,24080209i,
B00002447881,7881,6A,J7,2,7/9/24,F,LFD,12.5,4.5,15.01,6.78,2.743333333,10.47953333,NA,10/7/24,2B_EEGAP,FOOD_REPLACEMENT,NA,NA,NA,NA,NA,15.53,D12450Ki,24080209i,
B00002447882,7882,6A,K7,2,7/9/24,F,LFD,12.5,4.5,14.84,6.88,2.653333333,10.13573333,NA,10/7/24,2B_EEGAP,FOOD_REPLACEMENT,NA,NA,NA,NA,NA,14.89,D12450Ki,24080209i,
B00002447883,7883,6A,L7,2,7/9/24,F,LFD,12.5,4.5,14.33,5.99,2.78,10.6196,NA,10/7/24,2B_EEGAP,FOOD_REPLACEMENT,NA,NA,NA,NA,NA,15.28,D12450Ki,24080209i,
B00002447868,7868,6A,M7,2,7/9/24,M,LFD,12.5,4.5,11.78,3.88,2.633333333,10.05933333,NA,10/7/24,2B_EEGAP,FOOD_REPLACEMENT,NA,NA,NA,NA,NA,14.01,D12450Ki,24080209i,
B00002447869,7869,6A,N7,2,7/9/24,M,LFD,12.5,4.5,15.57,7.11,2.82,10.7724,NA,10/7/24,2B_EEGAP,FOOD_REPLACEMENT,NA,NA,NA,NA,NA,16.78,D12450Ki,24080209i,
B00002447870,7870,6A,H8,2,7/9/24,M,LFD,12.5,4.5,13.3,4.94,2.786666667,10.64506667,NA,10/7/24,2B_EEGAP,FOOD_REPLACEMENT,NA,NA,NA,NA,NA,14.37,D12450Ki,24080209i,
B00002447871,7871,6A,I8,2,7/9/24,M,LFD,12.5,4.5,13.93,4.64,3.096666667,11.82926667,NA,10/7/24,2B_EEGAP,FOOD_REPLACEMENT,NA,NA,NA,NA,NA,16.64,D12450Ki,24080209i,
B00002447876,7876,6A,L4,2,7/9/24,F,HFD,13,5,14.37,9.97,2.2,10.406,18.83,10/9/24,2B_EEGAP,,NA,NA,NA,NA,NA,NA,D12451i,24072303i,
B00002447872,7872,6A,M4,2,7/9/24,F,HFD,13,5,14.05,9.88,2.085,9.86205,18.75,10/9/24,2B_EEGAP,,NA,NA,NA,NA,NA,NA,D12451i,24072303i,
B00002447877,7877,6A,N4,2,7/9/24,F,HFD,13,5,16.62,11.16,2.73,12.9129,20.86,10/9/24,2B_EEGAP,,NA,NA,NA,NA,NA,NA,D12451i,24072303i,
B00002447878,7878,6A,H5,2,7/9/24,F,HFD,13,5,13.99,8.91,2.54,12.0142,20.2,10/9/24,2B_EEGAP,,NA,NA,NA,NA,NA,NA,D12451i,24072303i,
B00002447873,7873,6A,J5,2,7/9/24,F,HFD,13,5,14.84,9.6,2.62,12.3926,19.88,10/9/24,2B_EEGAP,,NA,NA,NA,NA,NA,NA,D12451i,24072303i,
B00002447874,7874,6A,K5,2,7/9/24,F,HFD,13,5,12.96,8.13,2.415,11.42295,20.17,10/9/24,2B_EEGAP,,NA,NA,NA,NA,NA,NA,D12451i,24072303i,
B00002447875,7875,6A,L5,2,7/9/24,F,HFD,13,5,14.26,9.58,2.34,11.0682,19.43,10/9/24,2B_EEGAP,,NA,NA,NA,NA,NA,NA,D12451i,24072303i,
B00002447879,7879,6A,M5,2,7/9/24,F,HFD,13,5,14.04,9.11,2.465,11.65945,20.4,10/9/24,2B_EEGAP,,NA,NA,NA,NA,NA,NA,D12451i,24072303i,
B00002447864,7864,6A,H6,2,7/9/24,M,HFD,13,5,14.09,7.56,3.265,15.44345,28.52,10/9/24,2B_EEGAP,,NA,NA,NA,NA,NA,NA,D12451i,24072303i,
B00002447865,7865,6A,I6,2,7/9/24,M,HFD,13,5,16.92,9.75,3.585,16.95705,32.03,10/9/24,2B_EEGAP,,NA,NA,NA,NA,NA,NA,D12451i,24072303i,
B00002447860,7860,6A,J6,2,7/9/24,M,HFD,13,5,14.25,8.11,3.07,14.5211,30.24,10/9/24,2B_EEGAP,,NA,NA,NA,NA,NA,NA,D12451i,24072303i,
B00002447861,7861,6A,K6,2,7/9/24,M,HFD,13,5,15.34,8.64,3.35,15.8455,29.32,10/9/24,2B_EEGAP,,NA,NA,NA,NA,NA,NA,D12451i,24072303i,
B00002447866,7866,6A,L6,2,7/9/24,M,HFD,13,5,13.74,8.6,2.57,12.1561,24.52,10/9/24,2B_EEGAP,,NA,NA,NA,NA,NA,NA,D12451i,24072303i,
B00002447862,7862,6A,M6,2,7/9/24,M,HFD,13,5,17.3,11.72,2.79,13.1967,27.55,10/9/24,2B_EEGAP,,NA,NA,NA,NA,NA,NA,D12451i,24072303i,
B00002447867,7867,6A,N6,2,7/9/24,M,HFD,13,5,14.22,9.38,2.42,11.4466,25.8,10/9/24,2B_EEGAP,,NA,NA,NA,NA,NA,NA,D12451i,24072303i,
B00002447863,7863,6A,H7,2,7/9/24,M,HFD,13,5,16.45,10.99,2.73,12.9129,29.33,10/9/24,2B_EEGAP,,NA,NA,NA,NA,NA,NA,D12451i,24072303i,
B00002447880,7880,6A,I7,2,7/9/24,F,LFD,13,5,13,8.33,2.335,8.9197,18.39,10/9/24,2B_EEGAP,,NA,NA,NA,NA,NA,NA,D12450Ki,24080209i,
B00002447881,7881,6A,J7,2,7/9/24,F,LFD,13,5,15.53,9.93,2.8,10.696,19.45,10/9/24,2B_EEGAP,,NA,NA,NA,NA,NA,NA,D12450Ki,24080209i,
B00002447882,7882,6A,K7,2,7/9/24,F,LFD,13,5,14.89,9.5,2.695,10.2949,17.74,10/9/24,2B_EEGAP,,NA,NA,NA,NA,NA,NA,D12450Ki,24080209i,
B00002447883,7883,6A,L7,2,7/9/24,F,LFD,13,5,15.28,10.37,2.455,9.3781,17.97,10/9/24,2B_EEGAP,,NA,NA,NA,NA,NA,NA,D12450Ki,24080209i,
B00002447868,7868,6A,M7,2,7/9/24,M,LFD,13,5,14.01,9.65,2.18,8.3276,23.23,10/9/24,2B_EEGAP,,NA,NA,NA,NA,NA,NA,D12450Ki,24080209i,
B00002447869,7869,6A,N7,2,7/9/24,M,LFD,13,5,16.78,10.9,2.94,11.2308,23.88,10/9/24,2B_EEGAP,,NA,NA,NA,NA,NA,NA,D12450Ki,24080209i,
B00002447870,7870,6A,H8,2,7/9/24,M,LFD,13,5,14.37,10.31,2.03,7.7546,21.64,10/9/24,2B_EEGAP,,NA,NA,NA,NA,NA,NA,D12450Ki,24080209i,
B00002447871,7871,6A,I8,2,7/9/24,M,LFD,13,5,16.64,9.96,3.34,12.7588,27.92,10/9/24,2B_EEGAP,,NA,NA,NA,NA,NA,NA,D12450Ki,24080209i,
B00002447876,7876,6A,L4,2,7/9/24,F,HFD,13.3,5.3,9.97,4.8,2.585,12.22705,10.41,10/11/24,2B_EEGAP,CAGE_AND_FOOD_REPLACEMENT,NA,NA,NA,NA,NA,10.41,D12451i,24072303i,
B00002447872,7872,6A,M4,2,7/9/24,F,HFD,13.3,5.3,9.88,5.67,2.105,9.95665,10.58,10/11/24,2B_EEGAP,CAGE_AND_FOOD_REPLACEMENT,NA,NA,NA,NA,NA,10.58,D12451i,24072303i,
B00002447877,7877,6A,N4,2,7/9/24,F,HFD,13.3,5.3,11.16,6.85,2.155,10.19315,10.46,10/11/24,2B_EEGAP,CAGE_AND_FOOD_REPLACEMENT,NA,NA,NA,NA,NA,10.46,D12451i,24072303i,
B00002447878,7878,6A,H5,2,7/9/24,F,HFD,13.3,5.3,8.91,5.18,1.865,8.82145,11.16,10/11/24,2B_EEGAP,CAGE_AND_FOOD_REPLACEMENT,NA,NA,NA,NA,NA,11.16,D12451i,24072303i,
B00002447873,7873,6A,J5,2,7/9/24,F,HFD,13.3,5.3,9.6,3.82,2.89,13.6697,14.74,10/11/24,2B_EEGAP,CAGE_AND_FOOD_REPLACEMENT,NA,NA,NA,NA,NA,14.74,D12451i,24072303i,
B00002447874,7874,6A,K5,2,7/9/24,F,HFD,13.3,5.3,8.13,4.32,1.905,9.01065,13.66,10/11/24,2B_EEGAP,CAGE_AND_FOOD_REPLACEMENT,NA,NA,NA,NA,NA,13.66,D12451i,24072303i,
B00002447875,7875,6A,L5,2,7/9/24,F,HFD,13.3,5.3,9.58,5.21,2.185,10.33505,10.51,10/11/24,2B_EEGAP,CAGE_AND_FOOD_REPLACEMENT,NA,NA,NA,NA,NA,10.51,D12451i,24072303i,
B00002447879,7879,6A,M5,2,7/9/24,F,HFD,13.3,5.3,9.11,4.32,2.395,11.32835,13.54,10/11/24,2B_EEGAP,CAGE_AND_FOOD_REPLACEMENT,NA,NA,NA,NA,NA,13.54,D12451i,24072303i,
B00002447864,7864,6A,H6,2,7/9/24,M,HFD,13.3,5.3,7.56,2.49,2.535,11.99055,13.65,10/11/24,2B_EEGAP,CAGE_AND_FOOD_REPLACEMENT,NA,NA,NA,NA,NA,13.65,D12451i,24072303i,
B00002447865,7865,6A,I6,2,7/9/24,M,HFD,13.3,5.3,9.75,4.31,2.72,12.8656,12.81,10/11/24,2B_EEGAP,CAGE_AND_FOOD_REPLACEMENT,NA,NA,NA,NA,NA,12.81,D12451i,24072303i,
B00002447860,7860,6A,J6,2,7/9/24,M,HFD,13.3,5.3,8.11,3.27,2.42,11.4466,13.14,10/11/24,2B_EEGAP,CAGE_AND_FOOD_REPLACEMENT,NA,NA,NA,NA,NA,13.14,D12451i,24072303i,
B00002447861,7861,6A,K6,2,7/9/24,M,HFD,13.3,5.3,8.64,5.08,1.78,8.4194,10.2,10/11/24,2B_EEGAP,CAGE_AND_FOOD_REPLACEMENT,NA,NA,NA,NA,NA,10.2,D12451i,24072303i,
B00002447866,7866,6A,L6,2,7/9/24,M,HFD,13.3,5.3,8.6,3.17,2.715,12.84195,14.23,10/11/24,2B_EEGAP,CAGE_AND_FOOD_REPLACEMENT,NA,NA,NA,NA,NA,14.23,D12451i,24072303i,
B00002447862,7862,6A,M6,2,7/9/24,M,HFD,13.3,5.3,11.72,6.6,2.56,12.1088,13.11,10/11/24,2B_EEGAP,CAGE_AND_FOOD_REPLACEMENT,NA,NA,NA,NA,NA,13.11,D12451i,24072303i,
B00002447867,7867,6A,N6,2,7/9/24,M,HFD,13.3,5.3,9.38,5.32,2.03,9.6019,10.98,10/11/24,2B_EEGAP,CAGE_AND_FOOD_REPLACEMENT,NA,NA,NA,NA,NA,10.98,D12451i,24072303i,
B00002447863,7863,6A,H7,2,7/9/24,M,HFD,13.3,5.3,10.99,7.08,1.955,9.24715,13.57,10/11/24,2B_EEGAP,CAGE_AND_FOOD_REPLACEMENT,NA,NA,NA,NA,NA,13.57,D12451i,24072303i,
B00002447880,7880,6A,I7,2,7/9/24,F,LFD,13.3,5.3,8.33,2.84,2.745,10.4859,15.64,10/11/24,2B_EEGAP,CAGE_AND_FOOD_REPLACEMENT,NA,NA,NA,NA,NA,15.64,D12450Ki,24080209i,
B00002447881,7881,6A,J7,2,7/9/24,F,LFD,13.3,5.3,9.93,4.27,2.83,10.8106,14.15,10/11/24,2B_EEGAP,CAGE_AND_FOOD_REPLACEMENT,NA,NA,NA,NA,NA,14.15,D12450Ki,24080209i,
B00002447882,7882,6A,K7,2,7/9/24,F,LFD,13.3,5.3,9.5,3.92,2.79,10.6578,13.97,10/11/24,2B_EEGAP,CAGE_AND_FOOD_REPLACEMENT,NA,NA,NA,NA,NA,13.97,D12450Ki,24080209i,
B00002447883,7883,6A,L7,2,7/9/24,F,LFD,13.3,5.3,10.37,5.66,2.355,8.9961,13.45,10/11/24,2B_EEGAP,CAGE_AND_FOOD_REPLACEMENT,NA,NA,NA,NA,NA,13.45,D12450Ki,24080209i,
B00002447868,7868,6A,M7,2,7/9/24,M,LFD,13.3,5.3,9.65,3.88,2.885,11.0207,14.63,10/11/24,2B_EEGAP,CAGE_AND_FOOD_REPLACEMENT,NA,NA,NA,NA,NA,14.63,D12450Ki,24080209i,
B00002447869,7869,6A,N7,2,7/9/24,M,LFD,13.3,5.3,10.9,5.31,2.795,10.6769,13.91,10/11/24,2B_EEGAP,CAGE_AND_FOOD_REPLACEMENT,NA,NA,NA,NA,NA,13.91,D12450Ki,24080209i,
B00002447870,7870,6A,H8,2,7/9/24,M,LFD,13.3,5.3,10.31,4.43,2.94,11.2308,15.47,10/11/24,2B_EEGAP,CAGE_AND_FOOD_REPLACEMENT,NA,NA,NA,NA,NA,15.47,D12450Ki,24080209i,
B00002447871,7871,6A,I8,2,7/9/24,M,LFD,13.3,5.3,9.96,3.54,3.21,12.2622,15.96,10/11/24,2B_EEGAP,CAGE_AND_FOOD_REPLACEMENT,NA,NA,NA,NA,NA,15.96,D12450Ki,24080209i,
B00002447876,7876,6A,L4,2,7/9/24,F,HFD,13.5,5.5,10.41,,3.47,16.4131,NA,10/14/24,2B_EEGAP,FOOD_REPLACEMENT,NA,NA,NA,NA,NA,,D12451i,24072303i,
B00002447872,7872,6A,M4,2,7/9/24,F,HFD,13.3,5.3,10.58,,3.526666667,16.68113333,NA,10/11/24,2B_EEGAP,FOOD_REPLACEMENT,NA,NA,NA,NA,NA,,D12451i,24072303i,
B00002447877,7877,6A,N4,2,7/9/24,F,HFD,13.3,5.3,10.46,,3.486666667,16.49193333,NA,10/14/24,2B_EEGAP,FOOD_REPLACEMENT,NA,NA,NA,NA,NA,,D12451i,24072303i,
B00002447878,7878,6A,H5,2,7/9/24,F,HFD,13.3,5.3,11.16,,3.72,17.5956,NA,10/14/24,2B_EEGAP,FOOD_REPLACEMENT,NA,NA,NA,NA,NA,,D12451i,24072303i,
B00002447873,7873,6A,J5,2,7/9/24,F,HFD,13.3,5.3,14.74,,4.913333333,23.24006667,NA,10/14/24,2B_EEGAP,FOOD_REPLACEMENT,NA,NA,NA,NA,NA,,D12451i,24072303i,
B00002447874,7874,6A,K5,2,7/9/24,F,HFD,13.3,5.3,13.66,,4.553333333,21.53726667,NA,10/14/24,2B_EEGAP,FOOD_REPLACEMENT,NA,NA,NA,NA,NA,,D12451i,24072303i,
B00002447875,7875,6A,L5,2,7/9/24,F,HFD,13.3,5.3,10.51,,3.503333333,16.57076667,NA,10/14/24,2B_EEGAP,FOOD_REPLACEMENT,NA,NA,NA,NA,NA,,D12451i,24072303i,
B00002447879,7879,6A,M5,2,7/9/24,F,HFD,13.3,5.3,13.54,,4.513333333,21.34806667,NA,10/14/24,2B_EEGAP,FOOD_REPLACEMENT,NA,NA,NA,NA,NA,,D12451i,24072303i,
B00002447864,7864,6A,H6,2,7/9/24,M,HFD,13.3,5.3,13.65,,4.55,21.5215,NA,10/14/24,2B_EEGAP,FOOD_REPLACEMENT,NA,NA,NA,NA,NA,,D12451i,24072303i,
B00002447865,7865,6A,I6,2,7/9/24,M,HFD,13.3,5.3,12.81,,4.27,20.1971,NA,10/14/24,2B_EEGAP,FOOD_REPLACEMENT,NA,NA,NA,NA,NA,,D12451i,24072303i,
B00002447860,7860,6A,J6,2,7/9/24,M,HFD,13.3,5.3,13.14,,4.38,20.7174,NA,10/14/24,2B_EEGAP,FOOD_REPLACEMENT,NA,NA,NA,NA,NA,,D12451i,24072303i,
B00002447861,7861,6A,K6,2,7/9/24,M,HFD,13.3,5.3,10.2,,3.4,16.082,NA,10/14/24,2B_EEGAP,FOOD_REPLACEMENT,NA,NA,NA,NA,NA,,D12451i,24072303i,
B00002447866,7866,6A,L6,2,7/9/24,M,HFD,13.3,5.3,14.23,,4.743333333,22.43596667,NA,10/14/24,2B_EEGAP,FOOD_REPLACEMENT,NA,NA,NA,NA,NA,,D12451i,24072303i,
B00002447862,7862,6A,M6,2,7/9/24,M,HFD,13.3,5.3,13.11,,4.37,20.6701,NA,10/14/24,2B_EEGAP,FOOD_REPLACEMENT,NA,NA,NA,NA,NA,,D12451i,24072303i,
B00002447867,7867,6A,N6,2,7/9/24,M,HFD,13.3,5.3,10.98,,3.66,17.3118,NA,10/14/24,2B_EEGAP,FOOD_REPLACEMENT,NA,NA,NA,NA,NA,,D12451i,24072303i,
B00002447863,7863,6A,H7,2,7/9/24,M,HFD,13.3,5.3,13.57,,4.523333333,21.39536667,NA,10/14/24,2B_EEGAP,FOOD_REPLACEMENT,NA,NA,NA,NA,NA,,D12451i,24072303i,
B00002447880,7880,6A,I7,2,7/9/24,F,LFD,13.3,5.3,15.64,,5.213333333,19.91493333,,10/14/24,2B_EEGAP,FOOD_REPLACEMENT,NA,NA,NA,NA,NA,,D12450Ki,24080209i,
B00002447881,7881,6A,J7,2,7/9/24,F,LFD,13.3,5.3,14.15,,4.716666667,18.01766667,,10/14/24,2B_EEGAP,FOOD_REPLACEMENT,NA,NA,NA,NA,NA,,D12450Ki,24080209i,
B00002447882,7882,6A,K7,2,7/9/24,F,LFD,13.3,5.3,13.97,,4.656666667,17.78846667,,10/14/24,2B_EEGAP,FOOD_REPLACEMENT,NA,NA,NA,NA,NA,,D12450Ki,24080209i,
B00002447883,7883,6A,L7,2,7/9/24,F,LFD,13.3,5.3,13.45,,4.483333333,17.12633333,,10/14/24,2B_EEGAP,FOOD_REPLACEMENT,NA,NA,NA,NA,NA,,D12450Ki,24080209i,
B00002447868,7868,6A,M7,2,7/9/24,M,LFD,13.3,5.3,14.63,,4.876666667,18.62886667,,10/14/24,2B_EEGAP,FOOD_REPLACEMENT,NA,NA,NA,NA,NA,,D12450Ki,24080209i,
B00002447869,7869,6A,N7,2,7/9/24,M,LFD,13.3,5.3,13.91,,4.636666667,17.71206667,,10/14/24,2B_EEGAP,FOOD_REPLACEMENT,NA,NA,NA,NA,NA,,D12450Ki,24080209i,
B00002447870,7870,6A,H8,2,7/9/24,M,LFD,13.3,5.3,15.47,,5.156666667,19.69846667,,10/14/24,2B_EEGAP,FOOD_REPLACEMENT,NA,NA,NA,NA,NA,,D12450Ki,24080209i,
B00002447871,7871,6A,I8,2,7/9/24,M,LFD,13.3,5.3,15.96,,5.32,20.3224,,10/14/24,2B_EEGAP,FOOD_REPLACEMENT,NA,NA,NA,NA,NA,,D12450Ki,24080209i,